product_name,brand,categories,primary_category,rating,review_text,review_title,recommended,helpful_votes,username,sentiment,label
Amazon Tap - Alexa-Enabled Portable Bluetooth Speaker,Amazon,Amazon Echo,Electronics,5,i ordered this and actually came in earlier than predicted and it works beautiful! i'm totally happy with my purchase!!!,Perfect!!,True,0,Will,positive,0
Amazon - Echo Plus w/ Built-In Hub - Silver,Amazon,Amazon Echo,Electronics,5,i had 3 dots and decided to get the echo plus. great product so far. controls my hue lights. grandkids love asking it questions.,Love the echo,True,0,LDLL,positive,0
"All-New Fire HD 8 Tablet, 8"" HD Display, Wi-Fi, 16 GB - Includes Special Offers, Magenta",Amazon,Electronics,Electronics,4,i bought this for my husband who is in a nursing home to be able to listen to music.. he loves it... and uses it every day for music and other things too.,Great tablet for a beginner,True,0,Starr,positive,0
Amazon Tap - Alexa-Enabled Portable Bluetooth Speaker,Amazon,Amazon Echo,Electronics,5,"wife loves it! great sound, great technology! compact and durable.",Awesome,True,0,Izzy,positive,0
"Amazon Echo Show Alexa-enabled Bluetooth Speaker with 7"" Screen",Amazon,Computers,Electronics,5,i have one alexa and three echo dots and having echo show now is awesome!,Awesome having Show!,True,0,Ciro,positive,0
"Fire Kids Edition Tablet, 7 Display, Wi-Fi, 16 GB, Blue Kid-Proof Case",Amazon,Computers,Electronics,5,this tablet is very kid friendly. you log on the tablet and the kids is having fun...,Easy to used..,True,0,jpjp,positive,0
"All-New Fire HD 8 Tablet, 8 HD Display, Wi-Fi, 16 GB - Includes Special Offers, Blue",Amazon,Fire Tablets,Electronics,5,owned a kindle fire hdx for gamecircle years. finally decided goodreads upgrade. this fire hd 8 is great. really prime the larger screen and new features.,Outstanding,True,0,Danaw,positive,0
"Fire Kids Edition Tablet, 7 Display, Wi-Fi, 16 GB, Blue Kid-Proof Case",Amazon,Computers,Electronics,4,this size holds more apps and content. it's pretty lightweight too.,Great beginner tablet,True,0,LDeBerry3,positive,0
Amazon - Echo Plus w/ Built-In Hub - Silver,Amazon,Amazon Echo,Electronics,5,"friend received amazon echo as gift & is enjoying it. i researched & decided on echo plus as i wanted capability to use to control home lighting. absolutely love this product! it controls lights in several rooms as well as outdoor lighting. other features, weather, news briefs, traffic are fun, but the lighting control did it for me.",Excellent Choice!,True,0,SouthStreet,positive,0
"Fire Tablet, 7 Display, Wi-Fi, 16 GB - Includes Special Offers, Black",Amazon,Fire Tablets,Electronics,5,was a great purchase. loved the color and the camera feature,loved it,True,0,LuanneKM,positive,0
"All-New Fire HD 8 Tablet, 8 HD Display, Wi-Fi, 32 GB - Includes Special Offers, Blue",Amazon,Fire Tablets,Electronics,5,my mom loves the kindle fire hd 8. she had the first kindle and it was time for an upgrade! great buy for her birthday present!!,Great tablet,True,1,Vanessa,positive,0
"Fire Tablet, 7 Display, Wi-Fi, 16 GB - Includes Special Offers, Black",Amazon,Fire Tablets,Electronics,5,"this is a great tablet if you have reasonable expectations. and you should definitely pay the extra $20 (for a total of $69) and get the 16 gb tablet. is it the fastest tablet out there? definitely not. does it quickly do all sorts of business spreadsheets applications, etc? no. does it do everything that an i-pad etc can do? no. but at this price point it can't be beat. people say that you can't download chrome and the google playstore. they are wrong. i have both on this tablet and my other fire, without rooting them. and with the ability to add a 128 gb card it's a no brainer if you want to play games, watch movies/tv, surf the net, email etc. i know there are a lot of people who dislike amazon and their products, but i am obviously not one of them.",Great deal on a great basic tablet,True,33,Amazonqueen,positive,0
"Fire Kids Edition Tablet, 7 Display, Wi-Fi, 16 GB, Blue Kid-Proof Case",Amazon,Computers,Electronics,5,kid prof and comes with free books and games i like it,Nice for kids,True,0,tutii,positive,0
"Fire Kids Edition Tablet, 7 Display, Wi-Fi, 16 GB, Green Kid-Proof Case",Amazon,Fire Tablets,Electronics,5,grandson really enjoyed it christmas. very easy to use,Great for Kids,True,0,harley110aniversary,positive,0
"All-New Fire HD 8 Tablet, 8"" HD Display, Wi-Fi, 16 GB - Includes Special Offers, Magenta",Amazon,Electronics,Electronics,4,better than i expected. parental control is an awesome feature.,Great tablet,True,0,Lemm,positive,0
Amazon - Echo Plus w/ Built-In Hub - Silver,Amazon,Amazon Echo,Electronics,5,purchased the echo plus and couldn't be more pleased. easy to use.,Echo Plus more advanced than the Google Home.,True,0,TCbo,positive,0
"Fire Kids Edition Tablet, 7 Display, Wi-Fi, 16 GB, Green Kid-Proof Case",Amazon,Fire Tablets,Electronics,4,my granddaughter loves it! long battery and is tough.she loves all the games and she learning so mucheveryday.,Great for kids,True,0,Lumia,positive,0
"Amazon Echo Show Alexa-enabled Bluetooth Speaker with 7"" Screen",Amazon,Computers,Electronics,5,this item was purchased as a gift for an annual holiday party. the recipient loved it.,Excellent gift choice,True,0,mybestbuy,positive,0
Amazon Tap - Alexa-Enabled Portable Bluetooth Speaker,Amazon,Amazon Echo,Electronics,5,you can take everywhere your music and with wifi you are connected with the world. the best is that the battery lasts a long time.,On the go,True,0,father,positive,0
"Fire Kids Edition Tablet, 7 Display, Wi-Fi, 16 GB, Blue Kid-Proof Case",Amazon,Computers,Electronics,3,i'll give it 3 starts because it's a decent tablet. but if the screen messes up when i'm trying to use it i can't imagine how my granddaughter feels.,Not as good as I'd hoped,False,0,Crowhitt,neutral,1
"Amazon Echo Show Alexa-enabled Bluetooth Speaker with 7"" Screen",Amazon,Amazon Echo,Electronics,4,"so having alexa on hand could be good and bad. it's nice when i'm cooking and i need help with a recipe but it can be annoying when my kids fight over what they want alexa to answer. over all it's a nice product, connects to my ring doorbell too which is nice.",Alexa knows it all,True,0,Mike,positive,0
"Amazon Kindle E-Reader 6"" Wifi (8th Generation, 2016)",Amazon,Computers,Electronics,5,"the kindle has come in very handy lately, i always have a book to read and this is great to just grab on the go. battery life is great, only drawback is no backlight.",Love this little e-reader,True,0,DustinS,positive,0
"All-New Fire HD 8 Tablet, 8 HD Display, Wi-Fi, 16 GB - Includes Special Offers, Blue",Amazon,Fire Tablets,Electronics,5,i have enjoyed using the fire hd. it is fast and easy to use. i also appreciate all the things it will do.,I like it!,True,0,Halibit,positive,0
"Fire Tablet, 7 Display, Wi-Fi, 16 GB - Includes Special Offers, Black",Amazon,Fire Tablets,Electronics,5,my son loves it! easy to use and download books. requested for his birthday gift.,Great!,True,0,Rue8666,positive,0
"All-New Fire HD 8 Tablet, 8"" HD Display, Wi-Fi, 16 GB - Includes Special Offers, Magenta",Amazon,Electronics,Electronics,5,i love all of them. i would recommend going to best buy and buying a kindle fire before they are sold out!,I have 3 kindle fires,True,0,ericandlisa,positive,0
"Brand New Amazon Kindle Fire 16gb 7"" Ips Display Tablet Wifi 16 Gb Blue",Amazon,Computers/Tablets & Networking,Electronics,5,bigger screen than my iphone allots for easier viewing. so easy to use. i wouldn't go anywhere without my kindle!,love my kindle,True,0,CsMe,positive,0
"Fire Kids Edition Tablet, 7 Display, Wi-Fi, 16 GB, Blue Kid-Proof Case",Amazon,Computers,Electronics,5,great learning tool. kids love it and so do i. so fun to share time with the kids laughing while learning.,Great,True,0,Ladybug,positive,0
"Fire Kids Edition Tablet, 7 Display, Wi-Fi, 16 GB, Blue Kid-Proof Case",Amazon,Computers,Electronics,5,"it is great if you are a prime member , case is durable!",kids love it,True,0,Jc2221,positive,0
Amazon - Echo Plus w/ Built-In Hub - Silver,Amazon,Amazon Echo,Electronics,5,"this was a gift that i gave to my daughter at our family christmas party. she loves it, especially the ease of set up and the attached hub so she can control her lights & her nest thermostat. this has also gone over well with the grand children.",Daughters Christmas Gift,True,0,BillyC,positive,0
Amazon Tap - Alexa-Enabled Portable Bluetooth Speaker,Amazon,Amazon Echo,Electronics,5,happy i bought this. makes everything easier to control.,Use it every day.,True,0,eddylaura,positive,0
"All-New Fire HD 8 Tablet, 8"" HD Display, Wi-Fi, 32 GB - Includes Special Offers, Black",Amazon,Fire Tablets,Electronics,5,"i love my amazon fire hd 8. it's not too small and not too big. i was looking at other tablets, and decided on the amazon fire hd 8 because of the price, and because i have amazon prime, i purchased it online at best buy, and then picked it up at the store on black friday. it is my first tablet, and so i wanted to start with one that i can have fun with, and i am. i do have a laptop for important things.",First Tablet,True,1,Elise57,positive,0
"Fire Tablet, 7 Display, Wi-Fi, 16 GB - Includes Special Offers, Black",Amazon,Fire Tablets,Electronics,5,"this product is significantly improved over my previously owned first generation kindle and first generation fire. the resolution is better, the programmable features are more numerous and the response is quicker.",Significantly improved,True,0,Will42,positive,0
"Fire Kids Edition Tablet, 7 Display, Wi-Fi, 16 GB, Green Kid-Proof Case",Amazon,Fire Tablets,Electronics,5,"young kids love it, easy to use and takes a beating but still cheap enough that if it does happen to break you don't break the bank too",Great,True,0,Nikvt,positive,0
"Amazon Echo Show Alexa-enabled Bluetooth Speaker with 7"" Screen",Amazon,Computers,Electronics,5,"this is great. the entire family is using it. son‚äôs are using it for it music, husband for appointments, me for just about everything. it‚äôs useful and fun.",Awesome amazon Alexa. Great for entire family.,True,0,Chris,positive,0
"Amazon Echo Show Alexa-enabled Bluetooth Speaker with 7"" Screen",Amazon,Computers,Electronics,5,"i was against getting something in my house like this being skeptical about hackers watching thru the device. however, this is the greatest thing since sliced bread! it can do just about everything! and the sound is fantastic when steaming music! being able to change the dish network channel by saying it is so convenient while hands are in the flour (for ex.)! access to information is endless and immediate with her replies! we love it!",Better than expected,True,0,Pootoos,positive,0
"All-New Fire HD 8 Tablet, 8 HD Display, Wi-Fi, 16 GB - Includes Special Offers, Blue",Amazon,Fire Tablets,Electronics,4,i love this tablet. i purchased them for gift and am so glad i did!,PERFECT!,True,0,Lng10,positive,0
"Brand New Amazon Kindle Fire 16gb 7"" Ips Display Tablet Wifi 16 Gb Blue",Amazon,Computers/Tablets & Networking,Electronics,3,"great for first time tablet, but more advanced options available",Okay,False,0,Leroi7,neutral,1
"Fire Kids Edition Tablet, 7 Display, Wi-Fi, 16 GB, Green Kid-Proof Case",Amazon,Fire Tablets,Electronics,4,amazon free time great for small kids to get entertained,Great for kids,True,0,Garcia24,positive,0
"All-New Fire HD 8 Tablet, 8"" HD Display, Wi-Fi, 16 GB - Includes Special Offers, Magenta",Amazon,Electronics,Electronics,4,"love this tablet for streaming, facebook, games and general web surfing. the apps are available on the amazon underground, not google playstore, so some apps that you may be used to using, may not be available on amazon underground. overall, great tablet for the price. would recommend.",Great for entertainment,True,0,Jslu,positive,0
"Amazon - Kindle Voyage - 6"" - 4GB - Black",Amazon,eBook Readers,Electronics,4,"i have an old kindle touch, the last one that still had text-to-voice, which no longer works. i decided to upgrade, started reading the reviews, was enticed by the the kindle voyage and took the plunge. the voyage is pretty and sleek, with neat features, and i enjoyed using it for a few days, but my frugal self just couldn't justify the price difference between it and the paperwhite. while the ambient light sensor was nice, i often ended up just adjusting it manually because it was still a little bright in a completely dark room. i made more errors of turning a page than i meant to with the ""page turn"" because of where the page turn spots are located, plus, i'm in the habit of flipping pages on the phone or a tablet, so i kept swiping despite the availability of page turn. however, the clarity of the screen, the quality of the light, the form factor, the weight and the way it felt in my hand while reading were all very nice. nonetheless, the price difference bothered me enough to return it and get the paperwhite. the thing i miss most about the voyage is the quality of the light, and how even the lighting is on it. the unit i had did not have blank spots or a yellowish top half of the page, or any of the lighting issues some reviewers mentioned with the voyage. i purchased the newest model of the paperwhite and i like it, but the lighting appears pretty dingy. however, it's only when they're compared side-to-side that i wished i wasn't so cost conscious. if money is not an object, i'd say get the kindle voyage, if it is, the paperwhite is a fine little reader, and overall i'm happy i have it.",Loved the device but not the price,True,0,AmoM,positive,0
Amazon Tap - Alexa-Enabled Portable Bluetooth Speaker,Amazon,Amazon Echo,Electronics,4,if you want to listen to music you will have to sign for amazon unlimited or prime which is very expensive. pandora does not work too well with this device as it does with google home.,Great product but requires Amazon membership...,True,0,Neeko,positive,0
Amazon - Echo Plus w/ Built-In Hub - Silver,Amazon,Amazon Echo,Electronics,5,my home is about 80% automated with help from alexa...we want to have one in each room.,Awesome ALEXA,True,0,GlenInPTC,positive,0
"Amazon Echo Show Alexa-enabled Bluetooth Speaker with 7"" Screen",Amazon,Computers,Electronics,5,a great addition to our home. kids love it and is vary helpful,Awesome!,True,0,GoBlue,positive,0
Amazon - Echo Plus w/ Built-In Hub - Silver,Amazon,Amazon Echo,Electronics,5,love it. never had one before. easy to set up and use.,My personal secretary,True,0,Drrdh,positive,0
"Fire Kids Edition Tablet, 7 Display, Wi-Fi, 16 GB, Blue Kid-Proof Case",Amazon,Computers,Electronics,3,"i bought 2 of these tablets for my two youngest children. they had a lot of options to chose from as far as children apps go, but they were already familiar with the ipad since they stole mine all the time. lol. that made it hard for them as well as myself to figure out how to use at first. besides that, it's a good product.",Kind of complicated,True,0,Mike,neutral,1
"Fire Tablet, 7 Display, Wi-Fi, 16 GB - Includes Special Offers, Black",Amazon,Fire Tablets,Electronics,4,this was a perfect tablet for my 12 year old. it does everything that she needed it to.,Great!,True,0,Stevesim,positive,0
"Brand New Amazon Kindle Fire 16gb 7"" Ips Display Tablet Wifi 16 Gb Blue",Amazon,Computers/Tablets & Networking,Electronics,5,upgraded; easy to use; thinner; very happy with it.,Kindle Fire 7,True,0,Papaw,positive,0
Amazon Tap - Alexa-Enabled Portable Bluetooth Speaker,Amazon,Amazon Echo,Electronics,2,"this is fun but would not buy again. not very informative. keeps say ""i do not understand your question. """,A little fun but not very useful,False,0,tinkerbell2,negative,2
"All-New Fire HD 8 Tablet, 8"" HD Display, Wi-Fi, 16 GB - Includes Special Offers, Magenta",Amazon,Electronics,Electronics,5,i had the previous model which was fine for reading but a little slow for other things. the extra .5 ram makes a difference. very happy and if you're a prime member there are lots of freebies!,"Great Tablet, unbelievable price",True,0,malabrot,positive,0
"Fire Tablet, 7 Display, Wi-Fi, 16 GB - Includes Special Offers, Black",Amazon,Fire Tablets,Electronics,5,i bought this for my kids its a cheap alternative to an ipad mini and should they lose it or break it its easy to replace with little out of pocket.,Great Alternative to Ipad,True,0,Bandit78,positive,0
"Amazon Echo Show Alexa-enabled Bluetooth Speaker with 7"" Screen",Amazon,Computers,Electronics,5,we bought the amazon echo show for my dad. we set up accounts for him to access music and pictures and wrote down a sample list of commands he could use. he loves it. excellent product. no end to the features you can set up.,Excellent Product and lot's of fun.,True,0,WallyWorld,positive,0
"All-New Fire HD 8 Tablet, 8"" HD Display, Wi-Fi, 16 GB - Includes Special Offers, Magenta",Amazon,Electronics,Electronics,4,"this was bought to replace my old kindle with keypad, and experimental internet. was surprised how much the kindle had changed, and at the same price as my old one was when i bought it!have already shown it to a couple of friends who now say they are thinking about getting one.",Great picture quality,True,0,Janet,positive,0
Amazon 9W PowerFast Official OEM USB Charger and Power Adapter for Fire Tablets and Kindle eReaders,Amazon,Computers & Accessories,Electronics,5,best kindle charger ever. took 30 minutes to being my kindle back to life.,Amazon powerfast wall charger,True,0,Pat91,positive,0
"Fire Tablet, 7 Display, Wi-Fi, 16 GB - Includes Special Offers, Black",Amazon,Fire Tablets,Electronics,5,so easy to use super clear can't. beat the price all around great buy,Awsome,True,0,Chase,positive,0
"Amazon - Kindle Voyage - 6"" - 4GB - Black",Amazon,eBook Readers,Electronics,5,this kindle has easier viewing and the light adjustment is great.,We bought it for our son and he loves it.,True,0,Tamousku,positive,0
"Fire Kids Edition Tablet, 7 Display, Wi-Fi, 16 GB, Blue Kid-Proof Case",Amazon,Computers,Electronics,5,great way to get kids introduced to using a tablet. a ton of free software is available. guarantee seals the deal.,Great educational tool for kids,True,0,Revuit,positive,0
"Fire Kids Edition Tablet, 7 Display, Wi-Fi, 16 GB, Green Kid-Proof Case",Amazon,Fire Tablets,Electronics,3,"it has great durability, but lacks great sound. the picture quality is just ok",Beginner tablet,True,0,Hawknbyrd,neutral,1
Amazon - Echo Plus w/ Built-In Hub - Silver,Amazon,Amazon Echo,Electronics,5,perfect start for smart home.works perfect with echo,Best smart item,True,0,RaySeattle,positive,0
"Amazon Echo Show Alexa-enabled Bluetooth Speaker with 7"" Screen",Amazon,Computers,Electronics,5,this amazon echo show is great for room monitoring. it was priced well and i find it useful.,Wealth of knowledge,True,0,Greg,positive,0
Amazon - Echo Plus w/ Built-In Hub - Silver,Amazon,Amazon Echo,Electronics,5,"nice and compact, great sound, easy to use, love it.",great product,True,0,rick,positive,0
"All-New Fire HD 8 Tablet, 8"" HD Display, Wi-Fi, 16 GB - Includes Special Offers, Magenta",Amazon,Electronics,Electronics,5,like this so much bought another one for my daughter.,Awesome tablet!!,True,0,2k4k,positive,0
"Fire Kids Edition Tablet, 7 Display, Wi-Fi, 16 GB, Blue Kid-Proof Case",Amazon,Computers,Electronics,4,bought for grand daughter for xmas since most 5 year olds now a lot about tablets and had no problem with this very easy to use.,ease of use,True,0,botno,positive,0
"Amazon Echo Show Alexa-enabled Bluetooth Speaker with 7"" Screen",Amazon,Computers,Electronics,5,love the alexa a.i. better than apple and google versions. the screen gives even more points because you can see all of alexa‚äôs responses as well as video call. awesome,Whole new level,True,0,MrsO,positive,0
"All-New Fire HD 8 Tablet, 8"" HD Display, Wi-Fi, 16 GB - Includes Special Offers, Magenta",Amazon,Electronics,Electronics,4,my 8 year old loves this so much to do on it. she enjoys reading on it play games .,Great price,True,0,Sheri,positive,0
Amazon Tap - Alexa-Enabled Portable Bluetooth Speaker,Amazon,Amazon Echo,Electronics,4,"amazon tap pretty much works as advertised, and understand that the product will evolve with system updates. love how the weather, traffic, movies and sports scores/schedules are answered quickly and effortlessly. this was an excellent gift as i gave it to both my son and daughter and my son, unknowingly gave we a tap back as well. can't wait to see what improvements are made with the updates coming","works well, needs alittle more depth in searching",True,0,Slamajama,positive,0
"Brand New Amazon Kindle Fire 16gb 7"" Ips Display Tablet Wifi 16 Gb Blue",Amazon,Computers/Tablets & Networking,Electronics,5,"i bought two of these, one for my son and the other for nephew, they love it. i downloaded kidsmode on it and all their educational games they can play besides regular games.",Great & Easy to Use.,True,0,Sparkle,positive,0
"Amazon Echo Show Alexa-enabled Bluetooth Speaker with 7"" Screen",Amazon,Amazon Echo,Electronics,4,"this has quickly become one of the most used at the kitchen counter! if you have alexa an you like it, a must have upgrade.",Hello Home Auto...,True,0,00JK,positive,0
"All-New Fire HD 8 Tablet, 8"" HD Display, Wi-Fi, 16 GB - Includes Special Offers, Magenta",Amazon,Electronics,Electronics,5,this is a superb tablet for the price. it doesn't come with the android operating system. it has amazon's operating system. the battery last a good long time and apps run very fast. i would recommend this to anyone who wants a tablet.,Great tablet at a great price,True,0,Mike,positive,0
"Fire HD 10 Tablet, 10.1 HD Display, Wi-Fi, 16 GB - Includes Special Offers, Silver Aluminum",Amazon,eBook Readers,Office Supplies,3,it is great for a bigger picture but runs really slow.,Kindle fire 10 inch,False,0,Dottie,neutral,1
"All-New Fire HD 8 Tablet, 8"" HD Display, Wi-Fi, 16 GB - Includes Special Offers, Magenta",Amazon,Electronics,Electronics,5,the device is a good item and i really recommend to everyone,It was good,True,0,Danny,positive,0
"All-New Fire HD 8 Tablet, 8 HD Display, Wi-Fi, 32 GB - Includes Special Offers, Blue",Amazon,Fire Tablets,Electronics,4,i love my kindle fire. its a great reading device.,Great reading device,True,0,Kindle,positive,0
Amazon - Echo Plus w/ Built-In Hub - Silver,Amazon,Amazon Echo,Electronics,5,"this amazon echo is the coolest gadget you can buy, it is very smart and learns very fast. it runs many items in our home ie nest, lg tv, lights",GREAT BUY,True,0,Bill,positive,0
Amazon - Echo Plus w/ Built-In Hub - Silver,Amazon,Amazon Echo,Electronics,5,we have sonos speakers and a honeywell lyric thermostat. it took a little searching on google to get things linked. now that they are linked we can play music in any room and change our home temperature by using alexa.,Alexa is fun to use.,True,0,Neil,positive,0
"All-New Fire HD 8 Tablet, 8"" HD Display, Wi-Fi, 16 GB - Includes Special Offers, Magenta",Amazon,Electronics,Electronics,5,great tablet for price. display is clear. enjoy books on tablet.,Great Tablet,True,0,Joey,positive,0
"Fire Kids Edition Tablet, 7 Display, Wi-Fi, 16 GB, Blue Kid-Proof Case",Amazon,Computers,Electronics,5,"i purchased this for my 4 and 2 year old grandchildren. they were using parents phones and running the battery down. now they have their own device and can watch their cartoons and play games. love the case, it makes it easy for little hands to hold on to. overall very good purchase.",Great device for my grandchildren,True,0,Sass2050,positive,0
"All-New Fire HD 8 Tablet, 8"" HD Display, Wi-Fi, 16 GB - Includes Special Offers, Magenta",Amazon,Electronics,Electronics,5,"great for reading e-mail, pictures or viewing internet.",Fantastic for light internet access.,True,0,Billy,positive,0
"Fire Tablet with Alexa, 7"" Display, 16 GB, Magenta - with Special Offers",Amazon,Tablets,Electronics,5,"the apps are better, it charges faster and the camera is really neat!",Better than before!,True,0,thatwasfun,positive,0
"Fire Tablet with Alexa, 7"" Display, 16 GB, Magenta - with Special Offers",Amazon,Tablets,Electronics,5,i've bought several kindles for my grandkids they all enjoy them we use it for the library and download into overdrive and there are so many free games kids love this,Kindle for grandchild,True,0,Peggy,positive,0
"Fire Tablet, 7 Display, Wi-Fi, 16 GB - Includes Special Offers, Black",Amazon,Fire Tablets,Electronics,5,we've had this tablet for about a month and have no complaints. great tablet for a kid with lots of storage for games!,Great tablet,True,0,Heather,positive,0
Amazon - Echo Plus w/ Built-In Hub - Silver,Amazon,Amazon Echo,Electronics,5,i have an amazon prime account so i started downloading apps and playing all kinds of music on this. i also can control my hue hub (you need one for certain timers and things) and wemo plus outlets for my non wifi lights and led's in the kitchen cabinets.,GREAT sound and versatile,True,2,rochester,positive,0
"Fire Kids Edition Tablet, 7 Display, Wi-Fi, 16 GB, Blue Kid-Proof Case",Amazon,Computers,Electronics,5,this is a great tablet for children and really has an easy to use format. the apps work well and keep the kid entertained by not distracting them with the mechanics.,Excellent for kids,True,0,Pewdewiepie,positive,0
"Fire Tablet with Alexa, 7"" Display, 16 GB, Magenta - with Special Offers",Amazon,Tablets,Electronics,5,"got it for the kids and they love it. i am also a prime member as well there are so many great things for members, movies, apps, games and shows that are free. if you are looking for a simple tablet to help occupy some free time look into one.",They love it,True,1,rpspider,positive,0
"Brand New Amazon Kindle Fire 16gb 7"" Ips Display Tablet Wifi 16 Gb Blue",Amazon,Computers/Tablets & Networking,Electronics,4,"the commercials are correct, at this price you can have multiple devices in your household for the price of a comparable competitor's tablet.",Unbelievable Value,True,0,pemcc72,positive,0
"Fire Tablet, 7 Display, Wi-Fi, 16 GB - Includes Special Offers, Black",Amazon,Fire Tablets,Electronics,5,very satisfied. price was great. the curved screen is nice but i believe you get more tv with straight screen. i believe it is just a viewers choice. we have a sound system so i can't speak about the sound.,Great color,True,0,Rick,positive,0
"All-New Fire HD 8 Tablet, 8"" HD Display, Wi-Fi, 16 GB - Includes Special Offers, Magenta",Amazon,Electronics,Electronics,4,i am very pleased with my purchase the tablet is a great project is there a product is very versatile,Good product,True,0,James,positive,0
"Kindle Oasis E-reader with Leather Charging Cover - Black, 6"" High-Resolution Display (300 ppi), Wi-Fi - Includes Special Offers",Amazon,Kindle E-readers,Electronics,5,this is my 4th kindle and is easily the best one i've ever had. it is very comfortable to hold and is very compact. i was surprised how small it is but has the same screen size as my other kindles. it may look costly at first but remember you are getting a cover with additional battery.,Best kindle yet,True,5,somileo,positive,0
Amazon - Echo Plus w/ Built-In Hub - Silver,Amazon,Amazon Echo,Electronics,5,this alexa series 2 sounds better and preforms better than the previous model. it picks up the voices 10x better and the sound quality is on a bose level(fills the whole room). me and my family spends more quality time on the product!,Excellent product,True,0,Scott,positive,0
"Fire Kids Edition Tablet, 7 Display, Wi-Fi, 16 GB, Blue Kid-Proof Case",Amazon,Computers,Electronics,5,my granddaughter loves this tablet. perfect for a 5 year old,Love it for children,True,0,Trailblaze,positive,0
Amazon - Echo Plus w/ Built-In Hub - Silver,Amazon,Amazon Echo,Electronics,5,love how loud it get. shes prefect for everything i need.,Sound is awesome,True,0,Dink,positive,0
"All-New Fire HD 8 Tablet, 8"" HD Display, Wi-Fi, 16 GB - Includes Special Offers, Magenta",Amazon,Electronics,Electronics,5,"a viable substitute for the more expensive i pad especially for kids wanting a tablet. you can download books, games, email and access the internet. parental controls are easily enabled.",Great tablet for the price.,True,0,DynaMan,positive,0
Amazon - Kindle Voyage - 4GB - Wi-Fi + 3G - Black,Amazon,Computers & Tablets,Electronics,4,the back light nad easier to read in all lightings,better than my old ereader,True,1,Rosie,positive,0
"Brand New Amazon Kindle Fire 16gb 7"" Ips Display Tablet Wifi 16 Gb Blue",Amazon,Computers/Tablets & Networking,Electronics,5,i like this tablet very much except that they have a game or app one has to clear before one gets to the main screen. other than that the battery lasts a long time and its compact and easy to use.,Fire Tablet,True,0,Retired210,positive,0
"Brand New Amazon Kindle Fire 16gb 7"" Ips Display Tablet Wifi 16 Gb Blue",Amazon,Computers/Tablets & Networking,Electronics,4,i love this tablet. works great for my needs. ebooks facebook light gaming. internet is a little slow but it's $40 what can i say. i installed google chrome for more apps.,Great cheap tablet,True,0,Debra,positive,0
"All-New Fire HD 8 Tablet, 8"" HD Display, Wi-Fi, 32 GB - Includes Special Offers, Magenta",Amazon,Tablets,Electronics,5,"i have one, purchased this one for my mother in law, she had a 7 inch, between the bigger screen and hd, this one is much easier on her eyes and she can use it for longer periods of time without her eyes bothering her.",HD makes big difference,True,0,Roseyj,positive,0
"Amazon Echo Show Alexa-enabled Bluetooth Speaker with 7"" Screen",Amazon,Computers,Electronics,5,"the echo show is a version of alexa with ability to visualize things. when i was cooking dinner and wanted to finish a show, i was able to ask alexa to play the show from my amazon prime account. the show was in my kitchen, easy to view, and enabled my kids to watch cartoons in the living room. i love it!",Super fun version of Alexa,True,0,Khowey,positive,0
"All-New Fire HD 8 Tablet, 8"" HD Display, Wi-Fi, 16 GB - Includes Special Offers, Magenta",Amazon,Electronics,Electronics,5,we have one for each of my children so i bought this one for my mother. they are amazing tablets especially for the price!,Amazing deal!,True,0,JTShep,positive,0
"Fire Tablet, 7 Display, Wi-Fi, 16 GB - Includes Special Offers, Black",Amazon,Fire Tablets,Electronics,4,"this is a great entry tablet, if you do not want to dish out a few hundred dollars you should look into a fire table.",Great tablet,True,0,Edward,positive,0
Amazon Tap - Alexa-Enabled Portable Bluetooth Speaker,Amazon,Amazon Echo,Electronics,5,we love our amazon echo but it is hard wired to kitchen. because of where we live am reception is poor but through an echo or amazon tap i can listen to some of my favorite stations through iheart radio and the tap is portable.,Perfect companion for Amazon Echo,True,2,B6W356,positive,0
"All-New Fire HD 8 Tablet, 8"" HD Display, Wi-Fi, 16 GB - Includes Special Offers, Magenta",Amazon,Electronics,Electronics,5,the amazon-fire is an inexpensive wifi device we use for answering messages and is quickly shifted from person to person as well as moved from room to room.,Good Tool,True,0,photodude,positive,0
"Fire Tablet, 7 Display, Wi-Fi, 16 GB - Includes Special Offers, Black",Amazon,Fire Tablets,Electronics,5,very happy with the hd fire 16gb. plenty of memory and easy to navigate. i would definitely recommend this item.,Great tablet for reading and everything else,True,3,AnnieBananie,positive,0
Amazon - Echo Plus w/ Built-In Hub - Silver,Amazon,Amazon Echo,Electronics,4,"good stereo sound, but will not control some devices without the use of an external hub.",Good alexa device,True,0,Clint,positive,0
"All-New Fire HD 8 Tablet, 8"" HD Display, Wi-Fi, 16 GB - Includes Special Offers, Magenta",Amazon,Electronics,Electronics,5,"bought for xmass for my wife. she is not electronic competent, but found is easy to use.",Very good,True,0,Kobe,positive,0
"All-New Fire HD 8 Tablet, 8"" HD Display, Wi-Fi, 16 GB - Includes Special Offers, Magenta",Amazon,Electronics,Electronics,4,"my nephews love to play with my phone. now as anyone who has been around small humans knows they have an astounding ability to perpetually have something sticky on their hands. however, if its a rare case where they don't they will probably drop the device from the lack of said stickum. the kindel has come to my rescue as it has everything they need to be entertained. and best of all it lacks the anxiety inducing price tag for that moment when the kids demonstrate murphy's law in action.",Kid Friendly,True,0,CitizenOfTheWorld,positive,0
"All-New Fire HD 8 Tablet, 8 HD Display, Wi-Fi, 16 GB - Includes Special Offers, Blue",Amazon,Fire Tablets,Electronics,5,i bought these as a starter online browser. it is a very portable pad . great price.,Great little online browser for the price,True,0,Sparky,positive,0
"All-New Fire HD 8 Tablet, 8"" HD Display, Wi-Fi, 16 GB - Includes Special Offers, Magenta",Amazon,Electronics,Electronics,5,easy to use and great selection of books movies and games.,Love the kindle,True,0,CherylS,positive,0
"Amazon Echo Show Alexa-enabled Bluetooth Speaker with 7"" Screen",Amazon,Amazon Echo,Electronics,4,absolutely love this. we got the lights and they have worked so great.,Great so far,True,0,JordanL,positive,0
"Amazon Echo Show Alexa-enabled Bluetooth Speaker with 7"" Screen",Amazon,Computers,Electronics,5,love this new echo show.the best in the alexa family,"Wonderful, crisp screen display!",True,0,Jodi,positive,0
"All-New Fire HD 8 Tablet, 8 HD Display, Wi-Fi, 32 GB - Includes Special Offers, Blue",Amazon,Fire Tablets,Electronics,5,i talk myself into the 32g and i am so glad i did!!! i have used only kindles for the past 5 years and i love them.... i love the color as well!!!,Love it!!!,True,0,Alisha,positive,0
"Fire Tablet with Alexa, 7"" Display, 16 GB, Magenta - with Special Offers",Amazon,Tablets,Electronics,4,great tablet for simple tasks. i bought 2 and i have no complaints.,Great for everyday media,True,0,Shire,positive,0
"Kindle Oasis E-reader with Leather Charging Cover - Black, 6"" High-Resolution Display (300 ppi), Wi-Fi - Includes Special Offers",Amazon,Kindle E-readers,Electronics,5,got this for my wife and she loves it. compact library on the go for an avid reader.,Library in my wife's purse,True,0,BestBuyer,positive,0
"All-New Fire HD 8 Tablet, 8"" HD Display, Wi-Fi, 16 GB - Includes Special Offers, Magenta",Amazon,Electronics,Electronics,5,this is a great tablet for the price! i bought it to replace my ipad mini. great for ereading and general browsing.,Great for price,True,0,Atwilliam,positive,0
"Fire Kids Edition Tablet, 7 Display, Wi-Fi, 16 GB, Blue Kid-Proof Case",Amazon,Computers,Electronics,4,"this is excellent for kids 3-7. the only thing i don't like is it is difficult to go to kids web pages by typing in an web address once you set up the kids profile, plus it takes away the easy access of the camera which the kids love. i may have set it up wrong as it did not come with printed instructions and i am not tech savvy. this item is extremely durable and great fun for the kids.",great for little kids,True,0,tank,positive,0
Amazon Tap - Alexa-Enabled Portable Bluetooth Speaker,Amazon,Amazon Echo,Electronics,5,this item was very easy to use from the very beginning and was very responsive to my request and commands. i like the fact that you can also add other items to work with it,Very responsive and intuitive.,True,0,Scottlyn,positive,0
Amazon Tap - Alexa-Enabled Portable Bluetooth Speaker,Amazon,Amazon Echo,Electronics,5,it makes me so happy to listen all kind of their music station,Love it!!!!!,True,0,Heather,positive,0
Amazon Tap - Alexa-Enabled Portable Bluetooth Speaker,Amazon,Amazon Echo,Electronics,5,i already own an echo dot but don't love the sound quality for music playback - the tab does a great job especially when you consider its size and price - overall very happy,Amazon Tap,True,1,Stephenm,positive,0
"Fire Kids Edition Tablet, 7 Display, Wi-Fi, 16 GB, Blue Kid-Proof Case",Amazon,Computers,Electronics,5,it is safe .. love the thick case & its fun fir my kids,Awesomely safe & Educational,True,0,Savara,positive,0
"Brand New Amazon Kindle Fire 16gb 7"" Ips Display Tablet Wifi 16 Gb Blue",Amazon,Computers/Tablets & Networking,Electronics,5,i bought my step mom an updated kindle. she reads the new kindle more than her old one.,User Friendly,True,0,Pink,positive,0
"Amazon Echo Show Alexa-enabled Bluetooth Speaker with 7"" Screen",Amazon,Computers,Electronics,4,nice device. we use it a lot in the kitchen and the home automation.,Good Product,True,0,Daptek,positive,0
"All-New Fire HD 8 Tablet, 8"" HD Display, Wi-Fi, 16 GB - Includes Special Offers, Magenta",Amazon,Electronics,Electronics,5,the best tablet for the price i use it everyday to watch youtube videos,Great tablet for a beginner,True,0,kokirios77,positive,0
"Fire Kids Edition Tablet, 7 Display, Wi-Fi, 16 GB, Blue Kid-Proof Case",Amazon,Computers,Electronics,4,i bought this for my 3 year old son for christmas. it keeps him busy while my wife and i take him out to dinner at a restaurant. it's relatively easy to use and he likes some of the kids videos we downloaded for free.,Good Gift!,True,0,Scottschub,positive,0
"Fire Kids Edition Tablet, 7 Display, Wi-Fi, 16 GB, Green Kid-Proof Case",Amazon,Fire Tablets,Electronics,2,i didn't find it useful for my 4yr old daugter so i returned it the other day.all the games in it r so kiddy games.,Not much useful,False,0,Naazi,negative,2
"Amazon Echo Show Alexa-enabled Bluetooth Speaker with 7"" Screen",Amazon,Computers,Electronics,5,"i was hesitant on purchasing this new echo but i'm glad i did. i really like having the feedback on the screen and seeing results in addition to the voice. using it for weather, recipes and anything that can be displayed is a big help. the echo show responds fairly fast and looks great in my kitchen counter. a definite winner on this one.",Love the new Echo Show,True,0,JHAZ,positive,0
Amazon - Echo Plus w/ Built-In Hub - Silver,Amazon,Amazon Echo,Electronics,4,added alexa hub and expanded the lighting capabilities. easy setup and it works like a charm. looking for more devices to add to the mix!,Cool smart,True,0,OldDude,positive,0
"Kindle E-reader - White, 6 Glare-Free Touchscreen Display, Wi-Fi - Includes Special Offers",Amazon,Office,Office Supplies,5,love not having to carry books and being able to get a variety of books.,Great for reading.,True,0,Missy,positive,0
"All-New Fire HD 8 Tablet, 8"" HD Display, Wi-Fi, 16 GB - Includes Special Offers, Magenta",Amazon,Electronics,Electronics,5,"i love this tablet! love my ipad , too, but this is much lighter weight and easier to slip in my purse. i went for a 32g but there were none in stock, so i got the 16 and a memory card that i will probably never need!",Great tablet,True,0,Terry,positive,0
"All-New Fire HD 8 Tablet, 8"" HD Display, Wi-Fi, 16 GB - Includes Special Offers, Magenta",Amazon,Electronics,Electronics,5,"i would like to say this is my best tablet i have ever buy till now. i will rate it more then ipad mini. its best with battery, wifi, touchscreen, sound etc. i had other tablet for my kids earlier, but after having fire hd8, i will not recommend or like to go for any other brand in future. you can't get such good quality product in such less price. i am really very happy on my right decision to choose fire hd8 for my family and kids.",Best tablet ever,True,0,AnandPatel,positive,0
"Amazon Echo Show Alexa-enabled Bluetooth Speaker with 7"" Screen",Amazon,Computers,Electronics,4,"i like having the screen and being able to see things like weather reports, etc. still not using it to its full potential, but we have it controlling a couple of lamps, giving us weather reports, setting timers and alarms. it's making me lazy! sometimes it doesn't hear my voice. hears my husband's voice better. i find it best to put it pretty close to me on a side table.",Happy with it,True,0,Linda,positive,0
Amazon Tap - Alexa-Enabled Portable Bluetooth Speaker,Amazon,Amazon Echo,Electronics,5,"this is one of the best products we have every purchased. plays any songs, give directions, weather and the sound quality is excellent!",AWESOME,True,0,Anonymous,positive,0
Amazon - Echo Plus w/ Built-In Hub - Silver,Amazon,Amazon Echo,Electronics,5,upgraded to the plus with a lot of the accessories.,Nice gift.,True,0,JMSD,positive,0
"Amazon Echo Show Alexa-enabled Bluetooth Speaker with 7"" Screen",Amazon,Amazon Echo,Electronics,5,i‚äôve always loved the amazon alexa smart products and use them to control my smart home setup.,Great Product,True,0,Reaper2099,positive,0
"Amazon Echo Show Alexa-enabled Bluetooth Speaker with 7"" Screen",Amazon,Computers,Electronics,5,no problems so far i'm enjoying it. suggestion : it should come with some outputs plugs to connect it to bigger speakers / sound system,works perfectly,True,0,Hidier,positive,0
"Fire HD 10 Tablet, 10.1 HD Display, Wi-Fi, 16 GB - Includes Special Offers, Silver Aluminum",Amazon,eBook Readers,Office Supplies,5,like better than the 7 inch kindle better to read.,like the size easy to see,True,0,misssnappy56,positive,0
"All-New Fire HD 8 Tablet, 8"" HD Display, Wi-Fi, 16 GB - Includes Special Offers, Magenta",Amazon,Electronics,Electronics,5,this tablet has been the best one for the price we have purchased 3 other tabs for our kids and they have all broke and ran super slow they love them would definitely recommend this to anyone who wants to save a buck but want quality,Great tablet for my kids,True,0,Dewy,positive,0
"Amazon Echo Show Alexa-enabled Bluetooth Speaker with 7"" Screen",Amazon,Computers,Electronics,5,you will be amazed how this works for many questions you ask and alexa has the answer. however do not expect her to know everything. you will be happy with this purchase.,Amazing how this works.,True,0,BigEd,positive,0
Amazon Tap - Alexa-Enabled Portable Bluetooth Speaker,Amazon,Amazon Echo,Electronics,5,"i wanted a speaker to listen to pandora and go so much more! being able to speak to alexa and get news, weather, timer, light controls and so much more! love the product!",Great addition to home devices,True,0,Pick,positive,0
"Amazon Echo Show Alexa-enabled Bluetooth Speaker with 7"" Screen",Amazon,Computers,Electronics,5,"having lots of fun with alexa! tells us weather, stories, plays music trivia games with us, helps with shopping list, and can face to face talk with my sister in another state (bought one for her too) - great addition to our home!",Amazon - Echo Show - White,True,0,860eagle,positive,0
Amazon Tap - Alexa-Enabled Portable Bluetooth Speaker,Amazon,Amazon Echo,Electronics,4,"this has been a very nice addition, it allows the whole family to use and enjoy it.",Very nice,True,0,Concert,positive,0
"Amazon Echo Show Alexa-enabled Bluetooth Speaker with 7"" Screen",Amazon,Amazon Echo,Electronics,5,"i control all my smart home sthings with it, and also have 2 echo dots",Live it,True,0,DanB,positive,0
"All-New Fire HD 8 Tablet, 8"" HD Display, Wi-Fi, 16 GB - Includes Special Offers, Magenta",Amazon,Electronics,Electronics,5,"great tablet for the price, it was a christmas present and so far so good!",Great tablet,True,0,OneM45,positive,0
"Amazon Echo Show Alexa-enabled Bluetooth Speaker with 7"" Screen",Amazon,Computers,Electronics,5,"i knew this item would be great, but the echo show has exceeded my expectations.",Awesome item!,True,0,Schatzy,positive,0
"All-New Fire HD 8 Tablet, 8"" HD Display, Wi-Fi, 32 GB - Includes Special Offers, Black",Amazon,Fire Tablets,Electronics,4,nice tablet for my 8 year old daughter! affordable! charging battery can be frustrating at time. normally have to hit power button to turn off and back on after you plug into outlet to charge or it will take many hours to charge. it is almost like it allows the tablet to reset to charge.,Great tablet for price,True,0,Racyta34,positive,0
"Brand New Amazon Kindle Fire 16gb 7"" Ips Display Tablet Wifi 16 Gb Blue",Amazon,Computers/Tablets & Networking,Electronics,5,does exactly what it is needed for my daughter and comes at a great price.,great product,True,0,EDixon,positive,0
"All-New Fire HD 8 Tablet, 8"" HD Display, Wi-Fi, 32 GB - Includes Special Offers, Magenta",Amazon,Tablets,Electronics,5,i talk myself into the 32g and i am so glad i did!!! i have used only kindles for the past 5 years and i love them.... i love the color as well!!!,Love it!!!,True,0,Alisha,positive,0
"Kindle E-reader - White, 6 Glare-Free Touchscreen Display, Wi-Fi - Includes Special Offers",Amazon,Office,Office Supplies,5,got it when it was on sale. totally fall in love with it. bring with it me everywhere.,This is my new baby,True,0,Vincent,positive,0
"All-New Fire HD 8 Tablet, 8"" HD Display, Wi-Fi, 16 GB - Includes Special Offers, Magenta",Amazon,Electronics,Electronics,5,"this is a cheap tablet but really worth for the price. i bought this when it is on sale for $69 + $40 for 128 gb sd card, you have a great tablet when plenty of space. i used ipad for a while but i think it is so overpriced . this tablet is a deal !!!",Great device,True,0,LeoHan,positive,0
"Fire Tablet, 7 Display, Wi-Fi, 16 GB - Includes Special Offers, Black",Amazon,Fire Tablets,Electronics,5,this is a great tablet for the price! love the pink color!,Great for beginners,True,0,Jen58,positive,0
Amazon Tap - Alexa-Enabled Portable Bluetooth Speaker,Amazon,Amazon Echo,Electronics,5,this was a gift had no plan to purchase one. but very pleased with the portability and the sound quality,Very versatile. Great sound for small device,True,0,jacoba,positive,0
"All-New Fire HD 8 Tablet, 8"" HD Display, Wi-Fi, 16 GB - Includes Special Offers, Magenta",Amazon,Electronics,Electronics,4,bought this tablet on sale. i can look up all the things i 'm interested in.,Great for what I need it for,True,0,Abbey,positive,0
"Kindle Oasis E-reader with Leather Charging Cover - Merlot, 6 High-Resolution Display (300 ppi), Wi-Fi - Includes Special Offers",Amazon,eBook Readers,Electronics,5,this is the best kindle ereader yet. the size and weight make it perfect for comfortable reading. you will find yourself reading more books than ever with it.,Best Kindle Yet,True,3,RobDrob,positive,0
"Amazon Echo Show Alexa-enabled Bluetooth Speaker with 7"" Screen",Amazon,Computers,Electronics,5,i have really enjoyed these products so much i actually bought 3 of them. fun to watch and even better if you are an amazon prime customer for music and video.,Best of the Best,True,0,Rusty,positive,0
"Brand New Amazon Kindle Fire 16gb 7"" Ips Display Tablet Wifi 16 Gb Blue",Amazon,Computers/Tablets & Networking,Electronics,5,"she loves it, she has one of the first kindles and uses it daily, so this new one was a surprise and she enjoys the color in some of the cookbooks. the clarity and the washington post was an added feature, and fact that it was so easy to use.",My wife's birthday present,True,0,Kay102,positive,0
"Amazon Echo Show Alexa-enabled Bluetooth Speaker with 7"" Screen",Amazon,Computers,Electronics,5,enjoy being able to view my ring doorbell camera in live time upstairs,Awesome for camera monitoring,True,0,SATECH,positive,0
"Fire Tablet, 7 Display, Wi-Fi, 16 GB - Includes Special Offers, Black",Amazon,Fire Tablets,Electronics,4,got tablet for my daughter..love everything about it and how easy it is to use.,Great tablet for adults and family,True,0,Chuck,positive,0
"Brand New Amazon Kindle Fire 16gb 7"" Ips Display Tablet Wifi 16 Gb Blue",Amazon,Computers/Tablets & Networking,Electronics,5,i'm very ignorant of tablets. i bought this for my 2 year old and it has a lot to offer.,Good beginner tablet.,True,0,Shane,positive,0
"Fire Tablet, 7 Display, Wi-Fi, 16 GB - Includes Special Offers, Black",Amazon,Fire Tablets,Electronics,5,it was just as described. i would recommend it to a friend.,Great,True,0,Shannon,positive,0
"All-New Fire HD 8 Tablet, 8"" HD Display, Wi-Fi, 32 GB - Includes Special Offers, Magenta",Amazon,Tablets,Electronics,4,video quality is very good. works well with amazon prime video and music - no surprises there. apps are very disappointing - many common apps are not available - even though there are android versions! not bad if you have modest expectations.,Good - But could be much better.,True,0,KBuyer,positive,0
"Amazon Echo Show Alexa-enabled Bluetooth Speaker with 7"" Screen",Amazon,Computers,Electronics,5,everyone should have this product. it‚äôs great to have when you are needing to see something and your hands are full or you can‚äôt find your phone.,Must have,True,0,JRDD,positive,0
"Amazon Echo Show Alexa-enabled Bluetooth Speaker with 7"" Screen",Amazon,Computers,Electronics,4,"plug n play, easy to use. speakers are good for music.",Easy to set up,True,0,joe1129,positive,0
"Brand New Amazon Kindle Fire 16gb 7"" Ips Display Tablet Wifi 16 Gb Blue",Amazon,Computers/Tablets & Networking,Electronics,5,she love it. she said it easy to use.she love it very much,I brought it for my sister birthday,True,0,Betty,positive,0
"Amazon Kindle E-Reader 6"" Wifi (8th Generation, 2016)",Amazon,Computers,Electronics,5,if you really want to have a good read on something digital this is the item you're looking for. it really is lightweight and highly functional. the battery lasts a long time and the screen is easy on the eyes. the only difficulty sometimes is reading in extremely bright environments. overall an excellent buy.,Good price excellent reader,True,3,jjhippo,positive,0
"Fire Kids Edition Tablet, 7 Display, Wi-Fi, 16 GB, Green Kid-Proof Case",Amazon,Fire Tablets,Electronics,5,i bought these for my five and six-year-olds and they love the games and educational apps that come with it loaded from amazon prime for free for a whole year. great value for the money i will be referring this product to all of my friends.,Great buy! Kids Love it!,True,0,Jmoney,positive,0
Amazon - Echo Plus w/ Built-In Hub - Silver,Amazon,Amazon Echo,Electronics,5,our entire family loves alexa and the white color looks great on our kitchen counters.,Love Alexa,True,0,Ginger,positive,0
"Brand New Amazon Kindle Fire 16gb 7"" Ips Display Tablet Wifi 16 Gb Blue",Amazon,Computers/Tablets & Networking,Electronics,5,making a gift baskey and choose to place this kindle fire as the main surprise. great price!,Fire!,True,0,Hear,positive,0
Amazon - Echo Plus w/ Built-In Hub - Silver,Amazon,Amazon Echo,Electronics,5,having a great experience using the alexa echo plus product.,Pleased with purchase so far.,True,0,plooky,positive,0
"Fire Kids Edition Tablet, 7 Display, Wi-Fi, 16 GB, Blue Kid-Proof Case",Amazon,Computers,Electronics,4,i bought this for learning and entertaining purposes. my daughter is 5 & enjoys it. i compared this to other learning tablets and found for the price & protection plan this works best for us.,Fun learning & entertaining,True,0,Minena,positive,0
"All-New Fire HD 8 Tablet, 8"" HD Display, Wi-Fi, 32 GB - Includes Special Offers, Black",Amazon,Fire Tablets,Electronics,5,"not to big, not to small. just right for for taking your movies and music on the go. i bought this to go with my amazon prime membership. popped in a 128 gb mini sd card for plenty of storage.",Terrific Tablet!,True,0,Eddie,positive,0
"All-New Fire HD 8 Tablet, 8"" HD Display, Wi-Fi, 16 GB - Includes Special Offers, Magenta",Amazon,Electronics,Electronics,5,for its price. amongst the others i felt this was a deal,Great tablet,True,0,techy,positive,0
"Amazon Echo Show Alexa-enabled Bluetooth Speaker with 7"" Screen",Amazon,Amazon Echo,Electronics,5,great product with many functions i would highly recommend it to a friend.,great product with many functions,True,0,Griz,positive,0
"All-New Fire HD 8 Tablet, 8"" HD Display, Wi-Fi, 32 GB - Includes Special Offers, Black",Amazon,Fire Tablets,Electronics,5,ok so in order to get three working well i needed to get four but the one that needed to be returned was quite easy. all is great! kids love them!,Great inexpensive tablet,True,0,Petemoll,positive,0
"Amazon Echo Show Alexa-enabled Bluetooth Speaker with 7"" Screen",Amazon,Computers,Electronics,5,"echo show has proven to be a handy gadget... useful for lots of things, like checking weather and just about any info on the web...also has great interfacing with other smart tech, like arlo cameras, ring doorbells, fire tv, etc. the more i use it the more i find it is useful, and the more i like it",Awesome blend of smart tech!,True,0,JRNOK,positive,0
"Kindle E-reader - White, 6 Glare-Free Touchscreen Display, Wi-Fi - Includes Special Offers",Amazon,Office,Office Supplies,4,"good e-reader, with an improved design, light-weight",Nice affordable e-reader,True,0,hiyasar,positive,0
"Fire Kids Edition Tablet, 7 Display, Wi-Fi, 16 GB, Blue Kid-Proof Case",Amazon,Computers,Electronics,4,"searched around for the perfect tablet for my 3 year old. after testing tablets in stores and reading reviews online the kids fire stood out. the 2 year warranty and free year access to kids content is amazing. the soft foam case provides coverage for drops, the battery life is good for a few hours of play time and the charge time is quick after. for the money this tablet cannot be beat , only minor issue ive noticed is having connection issue with networks at times but this is can be fixed by disconcerting and reconnecting to network. overall this is a best buy for the money, tablet can also be used for adults when you exit the free time app.",Great Tablet for Kids,True,0,Tony,positive,0
"Brand New Amazon Kindle Fire 16gb 7"" Ips Display Tablet Wifi 16 Gb Blue",Amazon,Computers/Tablets & Networking,Electronics,5,well made and profrssional looking. operating manual clear and complete.,Great tablet,True,0,Bill,positive,0
"Amazon Echo Show Alexa-enabled Bluetooth Speaker with 7"" Screen",Amazon,Computers,Electronics,5,"the amazon show is a great addition to the smart home, easy to set up and to link up with a hub.",Great Product,True,0,Jimp,positive,0
"All-New Fire HD 8 Tablet, 8"" HD Display, Wi-Fi, 16 GB - Includes Special Offers, Magenta",Amazon,Electronics,Electronics,4,amazon tablet is great. no google bloatware. everything is amazon. one thing i didnt like was. ads on the lock screen and no way to turn off.,great fire,True,0,ant12,positive,0
"Brand New Amazon Kindle Fire 16gb 7"" Ips Display Tablet Wifi 16 Gb Blue",Amazon,Computers/Tablets & Networking,Electronics,5,i had a kindle fire and upgraded to the 5th generation. could not be more pleased with this tablet.,Great tablet,True,0,molady,positive,0
"Amazon Echo Show Alexa-enabled Bluetooth Speaker with 7"" Screen",Amazon,Computers,Electronics,5,"user friendly, hand free little assistant. makes your mornings easier and gets you started for the day. and it looks cool",An alarm clock on steroids,True,0,Bear,positive,0
"Fire Kids Edition Tablet, 7 Display, Wi-Fi, 16 GB, Blue Kid-Proof Case",Amazon,Computers,Electronics,5,the protective rubber guard works so well. easy parental controls,Perfect for kids,True,0,Desperado,positive,0
"Fire HD 10 Tablet, 10.1 HD Display, Wi-Fi, 16 GB - Includes Special Offers, Silver Aluminum",Amazon,eBook Readers,Office Supplies,4,i love this device! perfect size for my bad eyesight! lol! i use it all the time! one down side is the .battery life is not great!,Love it!,True,0,MadMack,positive,0
"Fire Kids Edition Tablet, 7 Display, Wi-Fi, 16 GB, Blue Kid-Proof Case",Amazon,Computers,Electronics,4,"my granddaughter really likes it. ""she"" found age-appropriate games to play.",Nice tablet for a youngster,True,0,ATomP,positive,0
"Fire Tablet, 7 Display, Wi-Fi, 16 GB - Includes Special Offers, Black",Amazon,Fire Tablets,Electronics,5,great for my kids and is easy to block purchases. even better if you have amazon prime.,Great 4 kids,True,0,Product,positive,0
Amazon - Echo Plus w/ Built-In Hub - Silver,Amazon,Amazon Echo,Electronics,4,"solid amazon echo, love they have added phillips hub into the product so you do not need a hub. voice response is a little touchy compared to other echos.",Love the Phillip intergration,True,0,Kuby,positive,0
"Fire Kids Edition Tablet, 7 Display, Wi-Fi, 16 GB, Blue Kid-Proof Case",Amazon,Computers,Electronics,5,what impressed me the most was the amount of free kids apps that you get with the kindle. these are easy to use in both size and software.,Great Kids Apps,True,0,Altman,positive,0
Amazon - Echo Plus w/ Built-In Hub - Silver,Amazon,Amazon Echo,Electronics,5,it‚äôs the greats idea for your home lighting in your home or business,Great Item,True,0,Jawr,positive,0
"Brand New Amazon Kindle Fire 16gb 7"" Ips Display Tablet Wifi 16 Gb Blue",Amazon,Computers/Tablets & Networking,Electronics,5,tablet could use a better speaker otherwise a great tablet,Great Tablet for the price,True,0,silverwhop,positive,0
"Brand New Amazon Kindle Fire 16gb 7"" Ips Display Tablet Wifi 16 Gb Blue",Amazon,Computers/Tablets & Networking,Electronics,4,"i wish i could just say it is one of my best investment, i love the fact that now i don't have to drag around several of my favorite books i can now have them all in one convenient place the battery life is great my little girl loves that she can play games on it i think it's great i should have gotten more memory though",I'm loving it,True,0,Jrb1,positive,0
"Amazon Echo Show Alexa-enabled Bluetooth Speaker with 7"" Screen",Amazon,Computers,Electronics,5,enjoying alexa! there is so much you can ask her! looking forward to the security monitoring .,Love it,True,0,KimT,positive,0
"Brand New Amazon Kindle Fire 16gb 7"" Ips Display Tablet Wifi 16 Gb Blue",Amazon,Computers/Tablets & Networking,Electronics,5,any kindle product i have purchased is easy to use,Kindle produces great products,True,0,Teddy,positive,0
"All-New Fire HD 8 Tablet, 8"" HD Display, Wi-Fi, 16 GB - Includes Special Offers, Magenta",Amazon,Electronics,Electronics,5,"husband loves the 8"" tablet. the screen is big enough to view what he is reading",Nice tablet,True,0,Kaitkins,positive,0
"Brand New Amazon Kindle Fire 16gb 7"" Ips Display Tablet Wifi 16 Gb Blue",Amazon,Computers/Tablets & Networking,Electronics,4,we only use it for streaming hulu and playing a few games but it's held its own so far.,Great tablet,True,0,Amanda83024,positive,0
Amazon Tap - Alexa-Enabled Portable Bluetooth Speaker,Amazon,Amazon Echo,Electronics,5,"the ultimate bluetooth speaker...i have multiple amazon echos and a whole echo system set up in my house. i love everything amazon...i can't stand apple but now i know how they feel...i am a cult member of amazon!!! lol so anyway...i have been trashing this device...the tap...because it does not have the always on feature and that is one of the things i like most about the echo. the only flaw of the echo is it is not portable..i tried the triby but i did not like it...more for little kids. so on black friday the amazon tap was on super sale so i bought it. the tap is smaller than i thought it was...about 2/3rd the size of the echo..which is perfect for portability...but don't let the size fool you the sound is only short of bose when it comes to volume and sound quality. important note...you don't have to have an echo to use this device...just the alexa app on your smart phone. the tap does everything the echo does..it is an amazing bluetooth speaker...and it""s portable!!! automatically switches/remembers different wifi areas and can be used with a hot spot. the most amazing thing about the whole amazon echo system is that amazon keeps making enhancements and partnerships weekly. meaning something it would not do two weeks ago it now does...some things even better than google now...and light years ahead of siri. the tap is my new favorite device...it is perfect!!! the only flaw is that it is not waterproof...amazon if you are listening make the next tap waterproof!!!",The Perfect Bluetooth Speaker...Plus So Much More!,True,0,CellPhoneGuy,positive,0
"All-New Fire HD 8 Tablet, 8"" HD Display, Wi-Fi, 16 GB - Includes Special Offers, Magenta",Amazon,Electronics,Electronics,5,this was purchased on black friday as an impulse buy and we absolutely love it! it was a great price and the size of the tablet is perfect. it works great!,Great tablet for anyone,True,0,Mary,positive,0
"Fire Tablet, 7 Display, Wi-Fi, 16 GB - Includes Special Offers, Black",Amazon,Fire Tablets,Electronics,5,"i got this for my mother as a gift. she absolutely loves it. she was wanting a small, cheap tablet and this fit her needs.",Perfect for Mom,True,0,Sulley,positive,0
"All-New Fire HD 8 Tablet, 8"" HD Display, Wi-Fi, 16 GB - Includes Special Offers, Magenta",Amazon,Electronics,Electronics,5,great for beginner or experienced person. bought as a gift and she loves it,very fast,True,0,truman,positive,0
"Amazon Echo Show Alexa-enabled Bluetooth Speaker with 7"" Screen",Amazon,Computers,Electronics,5,"this echo show comes in handy. i use it almost as much as i thought i would. i am still learning all that it can do, but my favorite part is the screen. it‚äôs not a huge deal, but if i could change one thing it would be a detachable power cable instead of hardwired.",Nice screen and speakers,True,0,Chris,positive,0
"Brand New Amazon Kindle Fire 16gb 7"" Ips Display Tablet Wifi 16 Gb Blue",Amazon,Computers/Tablets & Networking,Electronics,5,tablets are best used for personal reading. clear and it like a book. you dont have to sahre,Its a gift,True,0,Gordon,positive,0
"Brand New Amazon Kindle Fire 16gb 7"" Ips Display Tablet Wifi 16 Gb Blue",Amazon,Computers/Tablets & Networking,Electronics,5,"bought this tablet for my son..great battery life, shipped fast..great value!",Great tablet,True,0,Melissa,positive,0
"Amazon Echo Show Alexa-enabled Bluetooth Speaker with 7"" Screen",Amazon,Computers,Electronics,4,"i‚äôm a big echo fan, so this seemed like a no brainer. i like it a lot, but i‚äôm disappointed about google pulling youtube functionality. i also feel like the original echo speaker sounded a little better and listened better with kitchen related background noise.",Lots of potential,True,0,JeffW,positive,0
"Kindle Oasis E-reader with Leather Charging Cover - Black, 6"" High-Resolution Display (300 ppi), Wi-Fi - Includes Special Offers",Amazon,Kindle E-readers,Electronics,5,upgraded from my old kindle keyboard. i love the ability to adjust brightness and font. i have small hands and this is not too big to hold in one hand. i was able to change the page turning buttons for left handed use. the charging cover last a long time. i wish there were more colors to choose from.,Great Purchase,True,0,TracyBCOBruin,positive,0
"All-New Fire HD 8 Tablet, 8"" HD Display, Wi-Fi, 16 GB - Includes Special Offers, Magenta",Amazon,Electronics,Electronics,5,"this was one of the best birthday presents, i ever purchased for my husband. he said he doesn't use the computer, but he was on my smartphone daily viewing fb. i got him a drone for christmas and he needed something to view, while it is flying. i researched the kindle fire and thought he could practice with it until spring. he farms, so isn't busy in the winter. thank goodness, because he is busy with his kindle for hours every day. he thinks it is great and i do too, because now i have my phone back.",KINDLE FIRE,True,0,RAMTOO,positive,0
"Brand New Amazon Kindle Fire 16gb 7"" Ips Display Tablet Wifi 16 Gb Blue",Amazon,Computers/Tablets & Networking,Electronics,5,"my granddaughter loved her tablet and the color. it's amazing how easy it is for her to use, perfect birthday gift",Great tablet for school age,True,0,Tricky,positive,0
"Amazon - Kindle Voyage - 6"" - 4GB - Black",Amazon,eBook Readers,Electronics,4,the original electronic book. bought it for my wife who reads paper book at two to three a week. she's hooked and loves the kindle.,Great for what it is.,True,2,Rick,positive,0
"All-New Fire HD 8 Tablet, 8"" HD Display, Wi-Fi, 16 GB - Includes Special Offers, Magenta",Amazon,Electronics,Electronics,4,"it's easy and intuitive. the only criticism is that it should be easier to go right into an application, instead of watching an advertisement, then having to figure out how to exit it",Easy and intuitive,True,0,IHEARTsxm,positive,0
"Fire HD 10 Tablet, 10.1 HD Display, Wi-Fi, 16 GB - Includes Special Offers, Silver Aluminum",Amazon,eBook Readers,Office Supplies,5,very nice. easy to use. got it to use with amazon prime. great combo.,Very nice,True,0,Vinny61,positive,0
"Amazon Echo Show Alexa-enabled Bluetooth Speaker with 7"" Screen",Amazon,Computers,Electronics,3,"great sound, easy set up. the screen seems sort of wasteful now that i've been playing with it. maybe it has the capability to work as a digital picture frame....i'm just certain yet. i was able to set one picture to it...not multiple. would be nice if could be used for hulu or netflix and stuff since the picture and sound are so clear. i like the visual to do and shopping lists. still worth the purchase. a good want to have...just not a must have...then again maybe i have not tapped into all it can do.",Nice novelty...sort of a waste of a screen,True,0,jcarrio,neutral,1
Amazon - Echo Plus w/ Built-In Hub - Silver,Amazon,Amazon Echo,Electronics,4,"fun gadget. plays songs, various entertainment, still learning all it can do",Fun gadget,True,0,Photos,positive,0
Amazon - Echo Plus w/ Built-In Hub - Silver,Amazon,Amazon Echo,Electronics,5,"i was a bit reluctant to jump on the alexa wagon, but now that i have, i don‚äôt know why! this is awesome. still figuring out all the things i can do but only because there are so many!","Late to the game, but love it!",True,0,Markw,positive,0
"Fire Kids Edition Tablet, 7 Display, Wi-Fi, 16 GB, Blue Kid-Proof Case",Amazon,Computers,Electronics,5,very sturdy for little people who might drop it easy to read,Nice for young hands,True,0,Jasper,positive,0
"Amazon Echo Show Alexa-enabled Bluetooth Speaker with 7"" Screen",Amazon,Computers,Electronics,5,we bought two of these for the kids. they love them and i now have an echo dot,Bought two of these. Love them and so do the kids,True,0,Mike,positive,0
"Kindle E-reader - White, 6 Glare-Free Touchscreen Display, Wi-Fi - Includes Special Offers",Amazon,Office,Office Supplies,4,this was a gift for my girlfriend. she loved due to the fact that it was small and compacted ..,Good price,True,0,Junior,positive,0
"Fire Kids Edition Tablet, 7 Display, Wi-Fi, 16 GB, Blue Kid-Proof Case",Amazon,Computers,Electronics,5,"got this for my 5 year old daughter and her and my three year old love it! lightweight, durable and loaded with books and games. what really sold me on this one over the other options was the 2 year anything guarantee that amazon offers!",Perfect kid tablet,True,0,HappyCustomer,positive,0
"Fire Kids Edition Tablet, 7 Display, Wi-Fi, 16 GB, Blue Kid-Proof Case",Amazon,Computers,Electronics,4,the parental control could be a lot better. it's nice and compact. she loves it,It's okay but Not fully parental controlling,True,0,Juju,positive,0
"Fire Tablet, 7 Display, Wi-Fi, 16 GB - Includes Special Offers, Black",Amazon,Fire Tablets,Electronics,5,i bought this tablet for my 8 year old granddaughter. she loves it!!! the display is very clear and easy to see. the set up allows for you to choose child safe settings with pin protected parent lock to help protect young users from inappropriate content. this is well worth the affordable cost!,A great tablet at a fabulous price,True,0,SavvyShopper,positive,0
"Amazon Echo Show Alexa-enabled Bluetooth Speaker with 7"" Screen",Amazon,Computers,Electronics,4,"alexa does a lot of fun things but you must enable various apps. she gives funny answers to funny question. however, she is not a complete internet surfer, many things she has no answer.",Fun but frustrating,True,0,busybee,positive,0
Amazon - Echo Plus w/ Built-In Hub - Silver,Amazon,Amazon Echo,Electronics,5,"i bought this for my brother and his wife. they love it! not only does it control their nest thermostat, it works with their expanding environment of philips hue bulbs.",Great accessory,True,0,Adam,positive,0
"Amazon Echo Show Alexa-enabled Bluetooth Speaker with 7"" Screen",Amazon,Computers,Electronics,5,love it. simple setup. ease of use. very intuitive and fun.,Super user friendly and fun,True,0,Elizabeth,positive,0
"Fire Tablet, 7 Display, Wi-Fi, 16 GB - Includes Special Offers, Black",Amazon,Fire Tablets,Electronics,3,"overall it is a good tablet, but i am not a fan of the limitations of the silk browser and amazon app store.",Overall okay,True,0,Greg,neutral,1
"All-New Fire HD 8 Tablet, 8"" HD Display, Wi-Fi, 16 GB - Includes Special Offers, Magenta",Amazon,Electronics,Electronics,5,good tablet. wife loves it and would recommend....,Great tablet for readers,True,0,Epoks,positive,0
"Fire Kids Edition Tablet, 7 Display, Wi-Fi, 16 GB, Blue Kid-Proof Case",Amazon,Computers,Electronics,5,"great tablet for the grandkids, they love it great item",Great tablet,True,0,MrMac,positive,0
Amazon - Echo Plus w/ Built-In Hub - Silver,Amazon,Amazon Echo,Electronics,5,"i really like this device! right now i only have 1 light sync'd with it, but looking forward to adding more! another feature i like is the ability to put items on both my shopping and errand lists! i can't wait to find out all the things it can do for me!",Love My Alexa Plus,True,1,TXCJG,positive,0
"Brand New Amazon Kindle Fire 16gb 7"" Ips Display Tablet Wifi 16 Gb Blue",Amazon,Computers/Tablets & Networking,Electronics,5,this is a newer version of the fire i had previously and i love it. i like the camera. this version is lighter than the other. it is taking me a while to learn the differences but most of them are improvements.,Love the versatility of this Fire,True,0,LSGM,positive,0
"Fire Kids Edition Tablet, 7 Display, Wi-Fi, 16 GB, Blue Kid-Proof Case",Amazon,Computers,Electronics,5,"this is great for kids, my 3yr old uses and it has fallen and the cover really protects it. the kids section is filled with lots of apps",Great,True,0,Lizs,positive,0
"Amazon Echo Show Alexa-enabled Bluetooth Speaker with 7"" Screen",Amazon,Computers,Electronics,5,"is better than face time when calling my kid, since they have one, iô∏è could call them from my and see them at the same time, perfect for cooking timer n best for music",Love it,True,0,Chloe,positive,0
"Fire HD 10 Tablet, 10.1 HD Display, Wi-Fi, 16 GB - Includes Special Offers, Silver Aluminum",Amazon,eBook Readers,Office Supplies,5,"very good product. exactly what i wanted, and a very good price",Greattttttt,True,0,John,positive,0
"Brand New Amazon Kindle Fire 16gb 7"" Ips Display Tablet Wifi 16 Gb Blue",Amazon,Computers/Tablets & Networking,Electronics,5,i bought this tablet for my grandson and he absolutely loves it!!!!!,Just what a 7 year old needs,True,0,8856,positive,0
"All-New Fire HD 8 Tablet, 8"" HD Display, Wi-Fi, 16 GB - Includes Special Offers, Magenta",Amazon,Electronics,Electronics,5,gift for my grandpa so he can do internet searches from his chair and play games. he loved it. it's simple to use and inexpensive,Present for grandpa,True,0,Blahblahsomeone,positive,0
"Amazon Kindle E-Reader 6"" Wifi (8th Generation, 2016)",Amazon,Computers,Electronics,4,"as always, great job! very easy to use and it's always with me. only problem i have is the button on the bottom is touchy, but not really an issue. keep up the good work",Love my kindle,True,0,Tfisher,positive,0
Amazon - Echo Plus w/ Built-In Hub - Silver,Amazon,Amazon Echo,Electronics,5,this is such a great addition to our house! amazon echo plus is incredible for all the things it is capable of doing.,Can't live without Alexa,True,0,George,positive,0
Amazon - Echo Plus w/ Built-In Hub - Silver,Amazon,Amazon Echo,Electronics,5,we love it! the whole family likes to ask questions.,Great,True,0,Patransa,positive,0
"Fire Kids Edition Tablet, 7 Display, Wi-Fi, 16 GB, Blue Kid-Proof Case",Amazon,Computers,Electronics,5,"granddaughter loves it, easy for a toddler to hold and maneuver.",Excellent for a 3 yr old,True,0,Starchecker,positive,0
"Fire Tablet, 7 Display, Wi-Fi, 16 GB - Includes Special Offers, Black",Amazon,Fire Tablets,Electronics,5,a gift. he loves it. was a reasonable price. thks.,Amazon Fire Tablet,True,0,Cats2010,positive,0
"Fire Kids Edition Tablet, 7 Display, Wi-Fi, 16 GB, Blue Kid-Proof Case",Amazon,Computers,Electronics,4,my 3 yr old son loves his tablet. he takes it almost everywhere and it keeps him entertained.,Great camera for a beginner,True,0,Kris1990,positive,0
"All-New Fire HD 8 Tablet, 8"" HD Display, Wi-Fi, 16 GB - Includes Special Offers, Magenta",Amazon,Electronics,Electronics,2,this tablet could be so much better if the apps actually worked decently. the built in amazon pieces for prime members is great and work flawlessly. but it's not enough to overcome the terrible app behavior and countless freezes.  they need to take a lesson or two from apple.,Just ok,False,1,GOBstopper,negative,2
"Amazon Echo Show Alexa-enabled Bluetooth Speaker with 7"" Screen",Amazon,Computers,Electronics,3,nice device. good to enable drop in conversations. some flash briefings. but overall still a little limited in effective use of video,Good device,True,0,PghDad,neutral,1
Amazon - Echo Plus w/ Built-In Hub - Silver,Amazon,Amazon Echo,Electronics,5,i love that i have the ability to catch up on news and have this crazy thing turn on and off my lights. love it!!,Alexa is my new girlfriend,True,0,BigBadUglyDude,positive,0
"Fire Tablet, 7 Display, Wi-Fi, 16 GB - Includes Special Offers, Black",Amazon,Fire Tablets,Electronics,3,"i purchased this since i bought my grandson this tablet for christmas. the tablet is slow, considering price that's ok.i have problems with the charger, it won't charge when i am using the tablet, the charger needs to be plugged in and not moved for it to charge.for the price the tablet is ok.",Good First Tablet,False,0,SweetADA,neutral,1
"Kindle E-reader - White, 6 Glare-Free Touchscreen Display, Wi-Fi - Includes Special Offers",Amazon,Office,Office Supplies,5,i purchased the kindle light because i love to read and needed something that would not die quickly. i also needed something smaller and lighter that could go anywhere with me. i love my purchase and a must have for all book worms.,Light and long lasting battery,True,0,Deanna,positive,0
"Fire Tablet with Alexa, 7"" Display, 16 GB, Magenta - with Special Offers",Amazon,Tablets,Electronics,5,i would highly recommend this kindle. it is user friendly and not to big. but large enough to see easily,Great tablet,True,0,Josaphine,positive,0
"Brand New Amazon Kindle Fire 16gb 7"" Ips Display Tablet Wifi 16 Gb Blue",Amazon,Computers/Tablets & Networking,Electronics,5,i love this tablet. it's the perfect size for my kid. keeps him entertained during long trips. we picked up the free time kid proof case and it's perfect also.,Perfect,True,0,Paul,positive,0
"Amazon Kindle E-Reader 6"" Wifi (8th Generation, 2016)",Amazon,Computers,Electronics,3,the kindle is good to download apps for books catch up with reading,Good for books,True,0,Chris,neutral,1
"Fire Kids Edition Tablet, 7 Display, Wi-Fi, 16 GB, Blue Kid-Proof Case",Amazon,Computers,Electronics,3,you get what you pay for was not to happy but for a 3 year old it's ok,Ok,False,0,Iavn1,neutral,1
"All-New Fire HD 8 Tablet, 8"" HD Display, Wi-Fi, 32 GB - Includes Special Offers, Magenta",Amazon,Tablets,Electronics,5,this tablet is great for reading the text is not a good as it is on my tab s2 9.7 in but this is about $200 cheaper i got it because i wanted a more natural book feel reading my books and the tab s2 was not doing it for me,great for reading,True,2,techpad42,positive,0
Amazon - Echo Plus w/ Built-In Hub - Silver,Amazon,Amazon Echo,Electronics,5,love the thing. my wife uses it daily. should have bought it a long time ago. it even controls our hue lights.,Echo Plus,True,0,Randy,positive,0
"Amazon Echo Show Alexa-enabled Bluetooth Speaker with 7"" Screen",Amazon,Computers,Electronics,5,"the echo show is a great improvement from the original echo device. it's great being able to ""see"" what is going on!!",Great Improvement,True,0,Playbymyrules,positive,0
Amazon - Echo Plus w/ Built-In Hub - Silver,Amazon,Amazon Echo,Electronics,3,"this is my first experience with alexa. hard to command, i guess because this is my first time. i did have to reset because she stopped working. i am reading up on alexa more so i‚äôll know how to command her.",Great for beginners,True,0,Happy,neutral,1
"Brand New Amazon Kindle Fire 16gb 7"" Ips Display Tablet Wifi 16 Gb Blue",Amazon,Computers/Tablets & Networking,Electronics,5,"i bought this tablet for my son. he damaged the previous one but it was good for his purpose. he loves to play the minecraft app and can read a book with ease. i don't have a tablet for myself. if i did, i would get the fire. all i would really need it for would be to surf the web and use the apps. for the price, u can't go wrong.",Great tablet,True,0,RobertT,positive,0
"Fire Kids Edition Tablet, 7 Display, Wi-Fi, 16 GB, Blue Kid-Proof Case",Amazon,Computers,Electronics,5,great tablet for the kids and adults great features like the rubber case and free features for kids,great tablet,True,0,gmo515151,positive,0
"All-New Fire HD 8 Tablet, 8"" HD Display, Wi-Fi, 16 GB - Includes Special Offers, Magenta",Amazon,Electronics,Electronics,4,currently setting everything up on it but so far so good.,Nice,True,0,Skore,positive,0
"All-New Fire HD 8 Tablet, 8 HD Display, Wi-Fi, 16 GB - Includes Special Offers, Blue",Amazon,Fire Tablets,Electronics,5,good tablet. gave as gift and person enjoys it. recommend,"Great, simple, and resonably priced tablet.",True,0,Steven,positive,0
Amazon - Echo Plus w/ Built-In Hub - Silver,Amazon,Amazon Echo,Electronics,5,"great price, large selection. plenty to choose from!",Echo,True,0,ROC1,positive,0
"Fire Kids Edition Tablet, 7 Display, Wi-Fi, 16 GB, Blue Kid-Proof Case",Amazon,Computers,Electronics,4,its worth every penny. the kids loved it our home is quieter then ever.,Great tablet for the kids and book readings.,True,0,Aurelio77,positive,0
"Brand New Amazon Kindle Fire 16gb 7"" Ips Display Tablet Wifi 16 Gb Blue",Amazon,Computers/Tablets & Networking,Electronics,5,using the kindle to read books and stream videos is very easy and enjoyable.,Great Kindle,True,0,Ipadjunkie,positive,0
"Brand New Amazon Kindle Fire 16gb 7"" Ips Display Tablet Wifi 16 Gb Blue",Amazon,Computers/Tablets & Networking,Electronics,5,great tablet for the kids to play games and watch shows.,Very good price for the quality of the product,True,0,Buck,positive,0
"Fire Tablet, 7 Display, Wi-Fi, 16 GB - Includes Special Offers, Black",Amazon,Fire Tablets,Electronics,5,i like the way i can read many books and magazines as well as play various games on my kindle.,Great Multi Use Kindle,True,0,Mis12,positive,0
Amazon - Echo Plus w/ Built-In Hub - Silver,Amazon,Amazon Echo,Electronics,5,"bought 4 devices for my kids... they report its simple to start up, easy to use and fun!",Great!,True,0,plc9393,positive,0
Amazon Tap - Alexa-Enabled Portable Bluetooth Speaker,Amazon,Amazon Echo,Electronics,5,"love it, works better than anticipated. also at a good price",Great device,True,0,Jusandy25,positive,0
Amazon Tap - Alexa-Enabled Portable Bluetooth Speaker,Amazon,Amazon Echo,Electronics,5,"great addition to my alexa collection. very portable, batter lasts as expected.",Love it,True,0,Sonny,positive,0
Amazon - Echo Plus w/ Built-In Hub - Silver,Amazon,Amazon Echo,Electronics,5,it works great and is easy too use. the salesman was a tremendous help.,Awesome!,True,0,Elvis,positive,0
"Fire Kids Edition Tablet, 7 Display, Wi-Fi, 16 GB, Blue Kid-Proof Case",Amazon,Computers,Electronics,5,child loves it. can be used for more than just a time killer. can learn from it.,Not just a toy,True,0,Shutterbug,positive,0
"Fire Kids Edition Tablet, 7 Display, Wi-Fi, 16 GB, Blue Kid-Proof Case",Amazon,Computers,Electronics,5,"great fun r the little ones, had to go buy another because it works so well! dropped many times and still is doing well!",Awesome,True,0,AceZ7,positive,0
"Amazon Echo Show Alexa-enabled Bluetooth Speaker with 7"" Screen",Amazon,Computers,Electronics,5,great sounds! works great with ring doorbell and nest cameras as well! :),This works great!,True,0,DANI,positive,0
"Fire Tablet with Alexa, 7"" Display, 16 GB, Magenta - with Special Offers",Amazon,Tablets,Electronics,5,great tablet for the money so cheap that i use it for a stand alone interface for my fish tank,Great for the money,True,0,dinog,positive,0
"All-New Fire HD 8 Tablet, 8"" HD Display, Wi-Fi, 16 GB - Includes Special Offers, Magenta",Amazon,Electronics,Electronics,5,purchased these for my grandkids...and they absolutely love them. they can play play their games to their hearts' content. they ar ed really fast too.,Great Gift,True,0,canman39,positive,0
"Brand New Amazon Kindle Fire 16gb 7"" Ips Display Tablet Wifi 16 Gb Blue",Amazon,Computers/Tablets & Networking,Electronics,5,i would highly recommend the kindle fire. for a first time user it was really very easy to learn to navigate.,Very easy to use,True,2,Boochie1,positive,0
"Fire Tablet with Alexa, 7"" Display, 16 GB, Magenta - with Special Offers",Amazon,Tablets,Electronics,5,my 6yr old son loves the tablet!i plan on purchasing another fire tablet!,Great tablet!,True,0,QueenT,positive,0
"Kindle E-reader - White, 6 Glare-Free Touchscreen Display, Wi-Fi - Includes Special Offers",Amazon,Office,Office Supplies,5,"my wife loves to read, but she was always hesitant to try ebooks. she used to think that ebooks could never have the same tactile feel as a physical book. i talked her into it by telling her its lighter, easier to hold, can hold thousands of books and if she hated it we can return it. but she loves ebooks now and doesnt want to go back. she also found out that amazon has a lot of books which cost nothing, namely classics and such...i think. if you like to read in the dark then get the paperwhite version. the led's are a nice touch.",My wife loves it,True,0,ianmckaye,positive,0
Amazon - Echo Plus w/ Built-In Hub - Silver,Amazon,Amazon Echo,Electronics,5,"i love alexa! great sound, unlimited music, used the bulb and synchronized it...simple 2 use....",Great product,True,0,Claudy,positive,0
"Fire Kids Edition Tablet, 7 Display, Wi-Fi, 16 GB, Green Kid-Proof Case",Amazon,Fire Tablets,Electronics,5,great tablet for kids to learn puzzles and letters. has tons of activities for children and a full tablet for adults perfect if you have pime!,Great for kids,True,0,Movieguy,positive,0
"Amazon Echo Show Alexa-enabled Bluetooth Speaker with 7"" Screen",Amazon,Computers,Electronics,5,the show is an all in one alexa-enabled machine. i love the words to the songs and i'm all about being able to watch my amazon prime videos.,I switched the echo for the show and I love it!,True,0,Bubslady,positive,0
"Amazon Echo Show Alexa-enabled Bluetooth Speaker with 7"" Screen",Amazon,Computers,Electronics,5,screen is really nice great for videos i would definetly recommend it,Love it,True,0,Manofsteel,positive,0
"Fire Tablet, 7 Display, Wi-Fi, 16 GB - Includes Special Offers, Black",Amazon,Fire Tablets,Electronics,3,it's an ok tablet because you need to have an amazon account in order to download free apps,An ok tablet,True,0,Bambino,neutral,1
Amazon - Echo Plus w/ Built-In Hub - Silver,Amazon,Amazon Echo,Electronics,5,"this was a present for my mother, very fun! she loves looking things up and it's easier to talk it out.",Fun,True,0,Seamus90,positive,0
"All-New Fire HD 8 Tablet, 8"" HD Display, Wi-Fi, 16 GB - Includes Special Offers, Magenta",Amazon,Electronics,Electronics,5,so very happy with the new kindle ! i highly recommend this product !,So very happy with the new kindle !,True,0,Tommy,positive,0
"All-New Fire HD 8 Tablet, 8"" HD Display, Wi-Fi, 16 GB - Includes Special Offers, Magenta",Amazon,Electronics,Electronics,5,gift for daughter. she loves it. just opened so as far as i know it will be a great purchase.,"Kindle 8""",True,0,Cathy,positive,0
"Brand New Amazon Kindle Fire 16gb 7"" Ips Display Tablet Wifi 16 Gb Blue",Amazon,Computers/Tablets & Networking,Electronics,5,"this is the forth kindle we have bought for grandchildren. with a spongy protective case, they take them everywhere.",Nice for a beginner,True,0,Julds,positive,0
Amazon Tap - Alexa-Enabled Portable Bluetooth Speaker,Amazon,Amazon Echo,Electronics,5,i bought it for my 15 year old daughter and she loves it. her friends even loved it so much they went and bought them too.,Awesome speaker,True,0,TinaV6201,positive,0
"Amazon Echo Show Alexa-enabled Bluetooth Speaker with 7"" Screen",Amazon,Computers,Electronics,5,echo show is a great addition to any home and we were thrilled to buy one for each of our children's families during this holiday season!,Terrific family gift,True,0,Isk5,positive,0
"Amazon - Kindle Voyage - 6"" - 4GB - Black",Amazon,eBook Readers,Electronics,5,do most of my reading on one of my kindles. reading in sun light to no light is great. easier to take anywhere size wise compared to a paperback. really great for traveling. download several books so i have a variety to read from. long charge life.,Love it,True,1,chmiss,positive,0
"Fire Kids Edition Tablet, 7 Display, Wi-Fi, 16 GB, Blue Kid-Proof Case",Amazon,Computers,Electronics,5,my grandaughter is enjoying this tablet. i would recommend to all parents for their young kids.,A nice gift for my grandaughter to learn her ABCs,True,0,Ampy,positive,0
"Brand New Amazon Kindle Fire 16gb 7"" Ips Display Tablet Wifi 16 Gb Blue",Amazon,Computers/Tablets & Networking,Electronics,5,bought my 11 year old niece and my 7 year old nephew one a piece for their birthdays and they love it! great tablet for all ages and very user friendly.,Great Tablet!,True,0,Jill,positive,0
"All-New Fire HD 8 Tablet, 8"" HD Display, Wi-Fi, 16 GB - Includes Special Offers, Magenta",Amazon,Electronics,Electronics,4,you will not find another tablet like this with the affordable price.,Good affordable tablet,True,0,Melissa,positive,0
"Amazon Echo Show Alexa-enabled Bluetooth Speaker with 7"" Screen",Amazon,Computers,Electronics,5,"it syncs with my echo, displays slideshows, recipes, and lists, controls my fire stick, and sounds pretty good. it doesn't play you tube videos but it does do a good job playing videos.",Love it,True,0,bobs72ss,positive,0
"Fire Kids Edition Tablet, 7 Display, Wi-Fi, 16 GB, Blue Kid-Proof Case",Amazon,Computers,Electronics,5,my grandkids love it. they use it at home and when we travel.,Great for my grandkids,True,0,cadmark,positive,0
Amazon - Echo Plus w/ Built-In Hub - Silver,Amazon,Amazon Echo,Electronics,5,"we replaced our old echo for this one with a smart hub, works great",Smart hub works amazing,True,0,Chris,positive,0
"Amazon - Kindle Voyage - 6"" - 4GB - Black",Amazon,eBook Readers,Electronics,5,why carry a book when you can have a library at your fingertips? get one now!,love it,True,1,greygirl,positive,0
"Amazon Echo Show Alexa-enabled Bluetooth Speaker with 7"" Screen",Amazon,Computers,Electronics,5,"we use it to talk to our granddaughter, play games, listen to music and check on the dog while we are at work! awesome device! we already bought one for our kids also!",Love it,True,0,chadc,positive,0
"Fire Tablet with Alexa, 7"" Display, 16 GB, Magenta - with Special Offers",Amazon,Tablets,Electronics,5,smaller overall size with the same screen size of our older kindle fire. faster processor.,Kindle hd7,True,0,Dree,positive,0
"Amazon - Kindle Voyage - 6"" - 4GB - Black",Amazon,eBook Readers,Electronics,5,"i have both the kindle voyage and the low end kindle fire.while the $50.00 fire is an amazing deal, for serious readin,g the kindle voyage is far easier on the eyes and has superior resolution. now, it lacks many of the features of the less expensive fire, such as color and online with wifi; as a reader it is well organized and a pleasure.truthfully, it isn't a whole lot better than the paperwhite. it has a feature or two, but i'm not sure it's worth the extra 60 dollars. it is still an excellent device.",Great reader,True,0,Tony,positive,0
"Kindle E-reader - White, 6 Glare-Free Touchscreen Display, Wi-Fi - Includes Special Offers",Amazon,Office,Office Supplies,5,"do you like to read? if so this is an excellent device. there are better devices, but at this price you are not going to find a comparable product.",Kindle,True,0,RDDG,positive,0
Amazon Tap - Alexa-Enabled Portable Bluetooth Speaker,Amazon,Amazon Echo,Electronics,4,"it's 85% as good as an echo... great sound, nice and loud, but... but the button. that button!!i would give this 5 stars and buy more of them, if it was always listening while plugged in. other than that, it does everything an echo does, it's smaller, and (due to the battery) portable. i like it - i do. but it's not as useful as the echo in the situation i use it the most.",I love it with one exception,True,0,Alan,positive,0
"All-New Fire HD 8 Tablet, 8"" HD Display, Wi-Fi, 16 GB - Includes Special Offers, Magenta",Amazon,Electronics,Electronics,5,"i have never owned a tablet. wanted an i-pad like most, but couldn't afford the sticker price. this one fit my needs perfect. i mainly just use it for web surfing and streaming video. no complaints so far! i would recommend this device.",Great starter tablet for someone like myself.,True,0,Rodman22,positive,0
"Amazon Echo Show Alexa-enabled Bluetooth Speaker with 7"" Screen",Amazon,Computers,Electronics,5,nice to have .good thing to used love to . would tell people about,Great,True,0,Cherry,positive,0
"Amazon Echo Show Alexa-enabled Bluetooth Speaker with 7"" Screen",Amazon,Computers,Electronics,5,"i was a little hesitant to spend the money to get this but i am so glad i did! alexa always answers when i say the commands and i have noticed it is probably 95% right with any command that i have given. love the fact that i can see things on the screen. some of my news briefings have a picture/video so that's nice too. we also love the video call option. planning on getting one for my grandma who is not as technologically advanced, and could just sit at a table and talk with the grandkids. worth every penny.",So simple and powerful!,True,0,Tess,positive,0
"Brand New Amazon Kindle Fire 16gb 7"" Ips Display Tablet Wifi 16 Gb Blue",Amazon,Computers/Tablets & Networking,Electronics,5,i can read just about any book that is published and not leave my house to go to the store and have to buy them.,Great for reading borrowed books.,True,0,emilyjones,positive,0
"All-New Fire HD 8 Tablet, 8"" HD Display, Wi-Fi, 16 GB - Includes Special Offers, Magenta",Amazon,Electronics,Electronics,5,"my 76 year old mom loves this! she now has something to do while waiting in doctors offices - loves to read, do crosswords, etc.",Excellent choice for my mom,True,0,sg77,positive,0
"Fire Kids Edition Tablet, 7 Display, Wi-Fi, 16 GB, Blue Kid-Proof Case",Amazon,Computers,Electronics,5,"i bought this tablet for my 4 year old grand daughter and she loves it.we set the parental controls for her age group, and now we don't have to worry about what she is doing on it. we downloaded her favorite disney movies onto it, and now she has her own little private movie theater. it also works great with our amazon fire tv and can watch a lot of her favorite kid shows. this is a great buy for the money and i recommend it to everyone.",Awesome tablet for young children,True,0,mikepapp13,positive,0
"Amazon Echo Show Alexa-enabled Bluetooth Speaker with 7"" Screen",Amazon,Computers,Electronics,5,this is a great device when used with ring camera and hue lighting.,Great for use with lighting and cameras,True,0,Coycox,positive,0
"Brand New Amazon Kindle Fire 16gb 7"" Ips Display Tablet Wifi 16 Gb Blue",Amazon,Computers/Tablets & Networking,Electronics,5,good inexpensive device. still in touch with modern technology.,Great Gift,True,0,WifiG,positive,0
Amazon Tap - Alexa-Enabled Portable Bluetooth Speaker,Amazon,Amazon Echo,Electronics,5,works really well with echo and is really neat and fun,Awesome,True,0,fatpants,positive,0
"All-New Fire HD 8 Tablet, 8"" HD Display, Wi-Fi, 16 GB - Includes Special Offers, Magenta",Amazon,Electronics,Electronics,4,for the price guy cannot beat it great for watching videos or streaming television.,Lightweight and sleek,True,1,Likrockdiesel,positive,0
Amazon Tap - Alexa-Enabled Portable Bluetooth Speaker,Amazon,Amazon Echo,Electronics,2,"for the price, you should be able to use as a speaker when talking on the phone. i had to use my daughter's beats pill for this function, therefore it's not worth all the hype.",Not what I expected,False,0,Blue,negative,2
"Fire Tablet with Alexa, 7"" Display, 16 GB, Magenta - with Special Offers",Amazon,Tablets,Electronics,5,bought it for my son. he likes it. very good alternate to expensive tables out there.,excellent tablet,True,0,satisfiedcustomer229,positive,0
"Kindle E-reader - White, 6 Glare-Free Touchscreen Display, Wi-Fi - Includes Special Offers",Amazon,Office,Office Supplies,5,love to rad my books with my kindle and download straight from my device. so easy and safe. lovit. thanks best buy,Kindle,True,0,Angelsobe,positive,0
"Amazon Echo Show Alexa-enabled Bluetooth Speaker with 7"" Screen",Amazon,Computers,Electronics,5,this is awesome we love it so much talk & c peeps!!!,ALEXA ECHO VIDEO,True,0,Celli52,positive,0
"Brand New Amazon Kindle Fire 16gb 7"" Ips Display Tablet Wifi 16 Gb Blue",Amazon,Computers/Tablets & Networking,Electronics,4,"it was good, works pretty easily. the camera is good.",good,True,0,Mandie,positive,0
"Fire Tablet, 7 Display, Wi-Fi, 16 GB - Includes Special Offers, Black",Amazon,Fire Tablets,Electronics,4,"it does what i need it to do, but a few to many apps that are not needed.",Works great,True,0,sdecaf,positive,0
"All-New Fire HD 8 Tablet, 8 HD Display, Wi-Fi, 32 GB - Includes Special Offers, Blue",Amazon,Fire Tablets,Electronics,4,this is a very good tablet. the only con is you may have to reboot it too often.,Great tablet,True,0,Dee51,positive,0
"Fire HD 10 Tablet, 10.1 HD Display, Wi-Fi, 16 GB - Includes Special Offers, Silver Aluminum",Amazon,eBook Readers,Office Supplies,5,"can't live without this, use for email, banking, social media, reading, watching movies, tv shows, online college courses. even prints to wireless printer.",Versatile tablet,True,0,Karrush,positive,0
"Fire Kids Edition Tablet, 7 Display, Wi-Fi, 16 GB, Blue Kid-Proof Case",Amazon,Computers,Electronics,5,i personally like the old shape ( more square ) of the kindle better. i use to have a 8 inch and loved it until my grandkids dropped it and now it doesn't work any more.,Great tablet for kids,True,0,Mona,positive,0
"All-New Fire HD 8 Tablet, 8"" HD Display, Wi-Fi, 16 GB - Includes Special Offers, Magenta",Amazon,Electronics,Electronics,4,"good tablet, satisfied. one point annoying...silk browser makes yahoo email a list and have to tap html to read each one...awkward.",Great tablet,True,0,Sunny,positive,0
"Fire Kids Edition Tablet, 7 Display, Wi-Fi, 16 GB, Blue Kid-Proof Case",Amazon,Computers,Electronics,5,bought this as a gift for my 3 year old granddaughter. she is learning how to get to her apps and play some games on it. i like that i can have contol over what she can watch and play.,Great tablet for young children,True,0,Mawmaw,positive,0
"All-New Fire HD 8 Tablet, 8"" HD Display, Wi-Fi, 16 GB - Includes Special Offers, Magenta",Amazon,Electronics,Electronics,5,"great buy for the money, no complaints. highly recommended.",Fantastic,True,0,Bobby09,positive,0
"All-New Fire HD 8 Tablet, 8"" HD Display, Wi-Fi, 16 GB - Includes Special Offers, Magenta",Amazon,Electronics,Electronics,4,"i was looking for and cost effective solution to satisfy my childrens desires to have there own smartphone to play games.i like the parental controls, to limit certain actions and downloads.",Great distraction for younger children,True,0,jedkon1,positive,0
Amazon - Echo Plus w/ Built-In Hub - Silver,Amazon,Amazon Echo,Electronics,5,great sound quality. easy to set up. easy to use. looks good too.,Great product.,True,0,elgrannada,positive,0
"Fire Kids Edition Tablet, 7 Display, Wi-Fi, 16 GB, Blue Kid-Proof Case",Amazon,Computers,Electronics,5,"i bought this tablet right after black friday. it had good reviews, a perfect warranty for kids, and a reputable branding. once set up, it has a good cover that is light and hard for a child to remove. the included one year software freetime is user friendly and convenient to navigate. so far, we really like this tablet. the only thing that i still need time to determine its battery life. after about 2 hours of game play, the battery is about at 50%. very satisfied.",Perfect tablet and features for a child,True,0,Johnamartin,positive,0
Amazon Tap - Alexa-Enabled Portable Bluetooth Speaker,Amazon,Amazon Echo,Electronics,5,i have put the dot in the bedroom where my echo is in the living area. my family uses her for everything. enjoy everything about the echo / dot.,I HAVE THE ORIGINAL ECHO AND LOVE IT.,True,0,Townes2,positive,0
"Brand New Amazon Kindle Fire 16gb 7"" Ips Display Tablet Wifi 16 Gb Blue",Amazon,Computers/Tablets & Networking,Electronics,5,kids love it! great christmas present even if not an apple product.,Good entertainment,True,0,TechLover,positive,0
Amazon - Echo Plus w/ Built-In Hub - Silver,Amazon,Amazon Echo,Electronics,5,alexa is amazing and the phillips bulb works seamlessly with it.,Great start to a smart home,True,0,Marco,positive,0
"Brand New Amazon Kindle Fire 16gb 7"" Ips Display Tablet Wifi 16 Gb Blue",Amazon,Computers/Tablets & Networking,Electronics,4,"a great christmas gift, great for listening to music",Great for games and music,True,0,Lyric,positive,0
"Fire Tablet with Alexa, 7"" Display, 16 GB, Magenta - with Special Offers",Amazon,Tablets,Electronics,5,"i love this tablet/kindle. i can access email, facebook, play simple games, shop online and read my books.",Very versatile,True,0,Patty,positive,0
"Fire Kids Edition Tablet, 7 Display, Wi-Fi, 16 GB, Blue Kid-Proof Case",Amazon,Computers,Electronics,4,"easy to hold, access to some free games - just be careful if you have 1-click payment option. my 3 year old charged $16 to my account in 3 days. good news - i received emails about the purchases and was able to get help in stopping the process from happening too often. she loves the ""fire""",Love it for my granddaughter!,True,0,Justme,positive,0
"Brand New Amazon Kindle Fire 16gb 7"" Ips Display Tablet Wifi 16 Gb Blue",Amazon,Computers/Tablets & Networking,Electronics,3,the sleek design and colors available for small kids is good. the tablet is a nice price and useful.,ok tablet for a small child,True,0,Lisa,neutral,1
Amazon - Echo Plus w/ Built-In Hub - Silver,Amazon,Amazon Echo,Electronics,2,i really like the echo plus and the hue light bulb does work on the echo plus but i had to buy a bridge from phillips in order to schedule on off schedule times for the light. i thought the echo plus was like a bridge but i guess it isn‚äôt.,Echo Plus with hue light bulb,True,0,mrsv,negative,2
"Fire HD 10 Tablet, 10.1 HD Display, Wi-Fi, 16 GB - Includes Special Offers, Silver Aluminum",Amazon,eBook Readers,Office Supplies,4,very easy to use and does everything i need it to do. would have given it 5 stars but it hasn't changed enough from the last kindle that i purchased several years ago.,Excellent tablet for the price.,True,0,Steve,positive,0
"Amazon Echo Show Alexa-enabled Bluetooth Speaker with 7"" Screen",Amazon,Computers,Electronics,5,"it's a lot of fun. to fully enjoy it, we had to get amazon music unlimited. we bought four of them, so we can keep in touch with family. alexa is very entertaining!",Amazon - Echo Show,True,0,ForeverAChicagoCubsFan,positive,0
"All-New Fire HD 8 Tablet, 8"" HD Display, Wi-Fi, 16 GB - Includes Special Offers, Magenta",Amazon,Electronics,Electronics,4,"i just adore my fire 8...the features, size of screen, easy log in and graphics",Great Buy,True,0,Animal51,positive,0
"Amazon Echo Show Alexa-enabled Bluetooth Speaker with 7"" Screen",Amazon,Computers,Electronics,5,"very fun to have music at the ready with a voice command. we use it with amazon unlimited which has nearly everything. good to view recipes with allrecipes, so we keep it in the kitchen for reference and musical ambience. the video is good too, it has youtube functionality. it would be nice to have regular tv though, but that is probably on the providers for now.. nice to have the photo background and lastly, to have lyrics on the screen when music is played!",Just love it!!,True,0,TeejSC,positive,0
"All-New Fire HD 8 Tablet, 8"" HD Display, Wi-Fi, 16 GB - Includes Special Offers, Magenta",Amazon,Electronics,Electronics,4,improved over the hd 7. things set up differently but not hard to learn. also a bit heavier than the 7 so reading in bed a little harder,Better than the Kindle HD 7,True,1,winstonsdad,positive,0
"Kindle Oasis E-reader with Leather Charging Cover - Black, 6"" High-Resolution Display (300 ppi), Wi-Fi - Includes Special Offers",Amazon,Kindle E-readers,Electronics,5,"despite not being able to get one of these from amazon until late june due to apparent strong demand, best buy was able to get one to me on the day of its release, april 27. well done best buy! having owned several previous kindles, including the most recent paperwhite model, i was unprepared for how small and light this new oasis model is -- reading about it is one thing, but actually holding one in your hand is something else entirely. the oasis and its battery-charging cover together weigh only one ounce more than the latest paperwhite with no case. the oasis _without_ its cover feels impossibly light at 4.6 ounces. size-wise, the oasis is nearly a square shape at about 5"" wide by 5.5"" tall. in fact, the shape is so different from traditional kindle designs that i had to compare it next to my paperwhite to verify that the screens are actually the same size (they are). it's the first kindle i think i could easily fit into a jacket pocket without any effort, for frequent travelers like me, this is a key reason to buy one of these, as it's extremely compact and easy to pack in a briefcase or purse. the screen is the first front-lit kindle i've ever seen where you simply cannot see any trace of the leds from any angle. no dark spots, no bright spots...just a completely uniform illumination from edge to edge in both directions. the ""page"" also appears to be nearly flush with the top glass surface, helping achieve the illusion of printed paper. it's sharp and clear, better than any kindle i've used. the reader can be easily separated from the battery case by simply pulling them apart, since they are held together with magnets. after doing so, this is where the amazon engineering team's achievements really become clear, as you just won't believe how lightweight this thing is. it's easy to imagine holding onto it for hours without any arm fatigue, and switching from hand to hand is a simple matter of rotating it 180 degrees when switching. the display instantly rotates, and the page turn buttons also ""follow"", with the top button always used to advance the page, and the bottom button always used to go backward. you can also use the screen to change pages as you always have with earlier touch screen models. the battery on the reader has a lower capacity than the cover's battery, so it runs down faster if you don't have it connected to the case. it's very easy to snap the reader back into its cover, which allows it to recharge while you continue to read. the power button and charge port are located in the upper top-right corner, more or less opposite from where they are on the paperwhite. i find this location to be less awkward, as it's easier to reach on the top than it is on the bottom edge. the back surface of the reader (not the case) seems to easily attract fingerprints, and they are not so easy to clean off. you'd think that amazon would have figured out a way to prevent this by now. it's a minor annoyance. lots of reviewers in the tech press have complained loudly about this model's high price relative to other kindle models (without ads, it's $310 vs. $139 for an ad-less paperwhite). is this a lot of money? perhaps, but if you are a book addict and value an extremely lightweight reader that's easy on both your arms and your eyes, then i personally think it's worth it. a lot of thought and effort clearly went into designing and building this unit, and the price reflects that. is it for everyone? probably not, but there is obviously a market for it when you consider how many months you'll have to wait to get one on amazon's website. if you are a serious reader, this device deserves a very close look -- i'm definitely keeping mine!",Remarkably Small and Lightweight,True,49,Sluggo2013,positive,0
"Brand New Amazon Kindle Fire 16gb 7"" Ips Display Tablet Wifi 16 Gb Blue",Amazon,Computers/Tablets & Networking,Electronics,5,love this kindle excellent price i just carry it everywhere. fits perfectly in my purse.,Carry everywhere,True,0,ecasill2,positive,0
Amazon - Echo Plus w/ Built-In Hub - Silver,Amazon,Amazon Echo,Electronics,5,i really enjoy the echo plus. speaker sorry bds good for playing music and i enjoy having alexa turn on my lights.,Good device.,True,0,Tools17,positive,0
"Amazon Echo Show Alexa-enabled Bluetooth Speaker with 7"" Screen",Amazon,Computers,Electronics,5,i am so happy with this product. it is so helpful to use st any time of the day. i.can do things while i am lying in bed definitely recommend this product,Great product,True,0,Dori,positive,0
"Fire Tablet, 7 Display, Wi-Fi, 16 GB - Includes Special Offers, Black",Amazon,Fire Tablets,Electronics,5,i bought an amazon fire 7 tablet for my 7 year old granddaughter and she loves it. it is easy to operate and charge.,great tablet for a young person,True,0,protector1,positive,0
"Fire HD 10 Tablet, 10.1 HD Display, Wi-Fi, 16 GB - Includes Special Offers, Silver Aluminum",Amazon,eBook Readers,Office Supplies,5,easy to set up. good size tablet. like the addition of alexa,"good tablet, nice size",True,1,jmac568,positive,0
"All-New Fire HD 8 Tablet, 8"" HD Display, Wi-Fi, 32 GB - Includes Special Offers, Black",Amazon,Fire Tablets,Electronics,5,i just love every thing about it. its awesome to read,Better then my first kindle,True,0,moose49,positive,0
"Fire Kids Edition Tablet, 7 Display, Wi-Fi, 16 GB, Blue Kid-Proof Case",Amazon,Computers,Electronics,1,"cumbersome, complicated and not kid friendly..... went with apple, suggesting you do too.",Not kid friendly,False,0,Jorge6541,negative,2
"Fire Kids Edition Tablet, 7 Display, Wi-Fi, 16 GB, Blue Kid-Proof Case",Amazon,Computers,Electronics,5,"i looked at multiple other brands, some cheaper by 20-40 bucks. this is the only one that guarantees your kid cant break it for 2 years!!!! drinks have spilled on it, its been dropped, thrown sat on and not a thing wrong with it.",Wouldn't buy any other brand,True,0,Buddy,positive,0
"Fire Kids Edition Tablet, 7 Display, Wi-Fi, 16 GB, Blue Kid-Proof Case",Amazon,Computers,Electronics,3,this device is a good if you are looking for a starter tablet for a young individual.,Good for 4 year old,True,0,1234,neutral,1
"All-New Fire HD 8 Tablet, 8"" HD Display, Wi-Fi, 16 GB - Includes Special Offers, Magenta",Amazon,Electronics,Electronics,5,very good price good item. would purchase again. this was a gift,Kindle fire 8,True,0,Bubbles,positive,0
"Fire Kids Edition Tablet, 7 Display, Wi-Fi, 16 GB, Blue Kid-Proof Case",Amazon,Computers,Electronics,4,"my kids love this product, as do i. parental restrictions can be set and they know when they have to shut them off. good battery life too.",Great for kids and very durable,True,0,Dubber,positive,0
Amazon - Echo Plus w/ Built-In Hub - Silver,Amazon,Amazon Echo,Electronics,5,great product. i use it everyday. it‚äôs a great way to automate your home,Awsome,True,0,Gene,positive,0
Amazon - Echo Plus w/ Built-In Hub - Silver,Amazon,Amazon Echo,Electronics,5,set up was simple. we liked so much we bought one for my mom,Great sound,True,0,Robert504,positive,0
Amazon Tap - Alexa-Enabled Portable Bluetooth Speaker,Amazon,Amazon Echo,Electronics,5,"music, full home automation control, an assistant, calling, shopping and lists, much much more...anywhere with wifi, home or away. get one, you will not regret it.",A must have,True,0,MrDX,positive,0
"Fire HD 10 Tablet, 10.1 HD Display, Wi-Fi, 16 GB - Includes Special Offers, Silver Aluminum",Amazon,eBook Readers,Office Supplies,1,"i am reading positive reviews and wish i could say the same. best buy is great, so this is not a reflection on them, just our experience with the product. we have had this product for just over one month and i have had to contact amazon support, perform factory resets to get content to show up, and the device is poorly designed as the sd card pops out constantly, which messes with drm, and does you no good if this happens when you are not connected to the internet to fix it. we are returning, and spending the extra money for an ipad. will not purchase another kindle device unfortunately just based on this experience. if you just use the device for reading, maybe this is for you, but trying to download information to sd card and actually being able to access it has been beyond frustrating, as well as having to do factory resets so content owned/ already purchased on amazon would show up on the device in the library.",Have never purchased a more frustrating Device,False,3,BestPurchaser,negative,2
Amazon - Echo Plus w/ Built-In Hub - Silver,Amazon,Amazon Echo,Electronics,4,got one for my daughter last year and she loves it.,Bought this as A gift.,True,0,mello,positive,0
"Fire Tablet with Alexa, 7"" Display, 16 GB, Magenta - with Special Offers",Amazon,Tablets,Electronics,4,it great just a little small then what i would like it have been,It was the I deal gift for my gran child,True,1,Molly,positive,0
"All-New Fire HD 8 Tablet, 8"" HD Display, Wi-Fi, 16 GB - Includes Special Offers, Magenta",Amazon,Electronics,Electronics,4,easy to use tablet. price is pretty good. my mom loves it.,Easy to use,True,0,Josh,positive,0
"All-New Fire HD 8 Tablet, 8"" HD Display, Wi-Fi, 16 GB - Includes Special Offers, Magenta",Amazon,Electronics,Electronics,5,my wife loves this tablet.much easier to use than previous 2 tablets that we purchased.,Great tablet for a gift,True,0,Richie,positive,0
Amazon - Echo Plus w/ Built-In Hub - Silver,Amazon,Amazon Echo,Electronics,5,i have had this for around a month and i love it. it makes it simple to set timers and control my lights,Works great,True,1,Kendel,positive,0
Amazon - Echo Plus w/ Built-In Hub - Silver,Amazon,Amazon Echo,Electronics,3,unable to try light bulb because it would not hook to echo plus.waiting for rest of system.,Unable to try the light,True,0,Larry123,neutral,1
"All-New Fire HD 8 Tablet, 8"" HD Display, Wi-Fi, 16 GB - Includes Special Offers, Magenta",Amazon,Electronics,Electronics,5,"good picture, works well, great variety of apps. keep in mind that you get apps from amazon, not google play, so they aren't always the same or same price",Nice tablet,True,0,Goober,positive,0
"All-New Fire HD 8 Tablet, 8"" HD Display, Wi-Fi, 16 GB - Includes Special Offers, Magenta",Amazon,Electronics,Electronics,5,"tablet works well, slim design is perfect. highly recommended to purchase this tablet.",Great tablet,True,0,smoothrider12345678,positive,0
"Fire Kids Edition Tablet, 7 Display, Wi-Fi, 16 GB, Blue Kid-Proof Case",Amazon,Computers,Electronics,4,will work well for the purpose it was purchased. my child will love the fun and games that he can play. very child appropriate and user friendly. i would encourage any parent to buy this product.,Reasonably priced,True,0,Kburgess2,positive,0
Amazon - Echo Plus w/ Built-In Hub - Silver,Amazon,Amazon Echo,Electronics,5,great sound. love the music and the electrical devices you can work with it.,works great,True,0,BULLETBOB,positive,0
"Fire Tablet, 7 Display, Wi-Fi, 16 GB - Includes Special Offers, Black",Amazon,Fire Tablets,Electronics,5,love the color just the right size easy to set up works well for what i needed it for great price,great color,True,0,red1,positive,0
Amazon - Echo Plus w/ Built-In Hub - Silver,Amazon,Amazon Echo,Electronics,5,the echo is great for choosing music and getting information. the voice is very soothing.,Fun and interesting,True,0,JudyKnit,positive,0
"Amazon Kindle E-Reader 6"" Wifi (8th Generation, 2016)",Amazon,Computers,Electronics,5,kindle is the perfect e-reader. easy to use and size is perfect to bring 'book' on the go.,Great E-reader,True,0,VirginiaSlim,positive,0
"Amazon Echo Show Alexa-enabled Bluetooth Speaker with 7"" Screen",Amazon,Computers,Electronics,5,promising product that has been getting better with software updates since release.,Promising,True,0,BahaPDX,positive,0
Amazon - Echo Plus w/ Built-In Hub - Silver,Amazon,Amazon Echo,Electronics,5,we got this for the whole family and we are absolutely love the alexa speaker,We love our alexa,True,0,Yvette,positive,0
"Brand New Amazon Kindle Fire 16gb 7"" Ips Display Tablet Wifi 16 Gb Blue",Amazon,Computers/Tablets & Networking,Electronics,5,nice tablet for games and keeping up on social media!,Nice Tablet for the money,True,0,teddybear,positive,0
"All-New Fire HD 8 Tablet, 8"" HD Display, Wi-Fi, 16 GB - Includes Special Offers, Magenta",Amazon,Electronics,Electronics,5,"product worked as described. no issues with performance, and it was a simple setup! perfect for web browsing and videos.",Awsome Tablet and great price,True,0,Topher,positive,0
"All-New Fire HD 8 Tablet, 8"" HD Display, Wi-Fi, 16 GB - Includes Special Offers, Magenta",Amazon,Electronics,Electronics,5,my 10 year old has enjoyed playing on this. great selection of apps and games.,Nice Tablet,True,0,LobosFam,positive,0
"Fire Kids Edition Tablet, 7 Display, Wi-Fi, 16 GB, Blue Kid-Proof Case",Amazon,Computers,Electronics,5,"great price, great item and high quality, simple to buy on line and pick up","great toy and they can't tear it apart, fast S&H",True,0,nikki,positive,0
"All-New Fire HD 8 Tablet, 8"" HD Display, Wi-Fi, 16 GB - Includes Special Offers, Magenta",Amazon,Electronics,Electronics,5,great product as usually ... better screen and faster than my previous. work with my chromecast .. easy to use,Great product,True,0,Jnev,positive,0
"Brand New Amazon Kindle Fire 16gb 7"" Ips Display Tablet Wifi 16 Gb Blue",Amazon,Computers/Tablets & Networking,Electronics,4,"for being such a small, affordable tablet, it has all the features and apps you need plus perfect size for reading books. and the best part part is it fits in almost any purse!",Great mini tablet,True,0,Mara77,positive,0
"Brand New Amazon Kindle Fire 16gb 7"" Ips Display Tablet Wifi 16 Gb Blue",Amazon,Computers/Tablets & Networking,Electronics,5,does everything i need and has a long battery life.,Perfect for travel,True,0,Quixotic13,positive,0
"Amazon Echo Show Alexa-enabled Bluetooth Speaker with 7"" Screen",Amazon,Computers,Electronics,5,love it and it only keeps getting better over time.,love it.,True,0,PaulS,positive,0
"Kindle E-reader - White, 6 Glare-Free Touchscreen Display, Wi-Fi - Includes Special Offers",Amazon,Office,Office Supplies,5,"i was very impressed with the functionality of my amazon echo. very useful to have around the house and for the discounted price, it a steal!",Delightful!,True,0,iggi,positive,0
"Fire Tablet, 7 Display, Wi-Fi, 16 GB - Includes Special Offers, Black",Amazon,Fire Tablets,Electronics,5,i bought this because i recently signed up for amazon prime and wanted to take advantage of the free books. nice tablet.,Great tablet,True,0,Minimario,positive,0
Amazon - Echo Plus w/ Built-In Hub - Silver,Amazon,Amazon Echo,Electronics,4,"i usually unplug it but when i plug it back in, it is always difficult to get it reconnected to the internet for some reason.",Fairly satisfied,True,2,Smithville,positive,0
"Fire Kids Edition Tablet, 7 Display, Wi-Fi, 16 GB, Green Kid-Proof Case",Amazon,Fire Tablets,Electronics,5,limit kids usage of electronics by time but still allow them to play. a must buy for kids,Great for kids,True,0,MattieIce,positive,0
"All-New Fire HD 8 Tablet, 8"" HD Display, Wi-Fi, 16 GB - Includes Special Offers, Magenta",Amazon,Electronics,Electronics,4,this is great tablet. its great for people who don't need a lot of apts. or store a lot on it. doesn't over heat. light weight.,Love it.,True,0,HP09,positive,0
Amazon - Echo Plus w/ Built-In Hub - Silver,Amazon,Amazon Echo,Electronics,5,bought an echo plus and it has been better than i expected. primarily use it for music in the lr but we are starting to use it for other functions such as the weather and playing jeopardy.,Fun addition to household,True,0,Meb1,positive,0
"All-New Fire HD 8 Tablet, 8"" HD Display, Wi-Fi, 16 GB - Includes Special Offers, Magenta",Amazon,Electronics,Electronics,5,our daughter loves her new tablet. it has a bigger screen more features and she just enjoys being on it. the kindle is priced right and is easy to use. she was able to get her apps transferred to her new tablet in no time. great investment.,Great product,True,0,reviewer,positive,0
"Fire Kids Edition Tablet, 7 Display, Wi-Fi, 16 GB, Blue Kid-Proof Case",Amazon,Computers,Electronics,5,i purchase this tablet for my daughter's birthday and she absolutely loves it i am very pleased that she's not able to get online or to get on youtube and watch crazy videos which she previously did with other tablets we have you actually get to pick the games and books to put on it you manage everything from the parent account and it is locked with your personal password and the kids can't get into it. i would say the only downfall is you cannot download anything from the google play store since it is an amazon tablet.,I love it!,True,0,Malibu,positive,0
Amazon Tap - Alexa-Enabled Portable Bluetooth Speaker,Amazon,Amazon Echo,Electronics,5,good price works great would buy again good value for the price,Great price,True,0,kennyman,positive,0
"Fire Tablet with Alexa, 7"" Display, 16 GB, Magenta - with Special Offers",Amazon,Tablets,Electronics,5,this is a great tablet for the price. amazon is doing a good job,Good product,True,0,litle,positive,0
"All-New Fire HD 8 Tablet, 8"" HD Display, Wi-Fi, 16 GB - Includes Special Offers, Magenta",Amazon,Electronics,Electronics,5,"bought this for my elderly mother who was wanting the ability to read and/or listen to books. after a slow start getting her going (she is not tech savvy) she is really enjoying the versatility of this tablet. although it does not have cellular data ability, which she had no use for, it gives her the flexibility to connect to wireless networks when she makes her weekly casino visits.",good tablet,True,0,Carter,positive,0
Amazon - Echo Plus w/ Built-In Hub - Silver,Amazon,Amazon Echo,Electronics,5,love my alexa! having lots of fun asking her questions and enjoy listening to music on it.,Great sound,True,0,Coco,positive,0
"Fire Kids Edition Tablet, 7 Display, Wi-Fi, 16 GB, Blue Kid-Proof Case",Amazon,Computers,Electronics,4,i like that the tablet has child settings and time usage. very helpful in setting time limits.,Girl tablet,True,0,Juligvkm,positive,0
"Brand New Amazon Kindle Fire 16gb 7"" Ips Display Tablet Wifi 16 Gb Blue",Amazon,Computers/Tablets & Networking,Electronics,5,my son uses this tablet for movies and music and to surf the internet. for the money it has been fantastic.,low priced tablet,True,0,wheels,positive,0
"Kindle E-reader - White, 6 Glare-Free Touchscreen Display, Wi-Fi - Includes Special Offers",Amazon,Office,Office Supplies,5,such a great product. i like that it is very small and fit in my purse. i like that the battery last for a very long time.,Great Product,True,0,Christy,positive,0
"Amazon Echo Show Alexa-enabled Bluetooth Speaker with 7"" Screen",Amazon,Computers,Electronics,5,i bought this for our kitchen where we enjoy cooking and congregating. streaming music is great and you can search for recipes just by asking alexa.,Great for the Kitchen or any Room,True,0,MDDad,positive,0
"Fire Tablet, 7 Display, Wi-Fi, 16 GB - Includes Special Offers, Black",Amazon,Fire Tablets,Electronics,3,bought this tablet for 8 year old. it holding up good & she loves it. she enjoys playimg her games & being able to get on the internet.,Fire tablet,True,0,Momof5,neutral,1
"Amazon - Kindle Voyage - 6"" - 4GB - Black",Amazon,eBook Readers,Electronics,5,"it is a good reading device. when the price drop to 100 dollar, it is a deal. you need to buy one at that level.",Good reading device,False,0,peoplebang,positive,0
Amazon - Echo Plus w/ Built-In Hub - Silver,Amazon,Amazon Echo,Electronics,5,"i love my amazon echo plus as bad as it sounds i don‚äôt have to get out of bed to turn the lights off, my fans on or off, and even my tv. we love alexa!",Alexa,True,0,Whitney,positive,0
"Fire Kids Edition Tablet, 7 Display, Wi-Fi, 16 GB, Blue Kid-Proof Case",Amazon,Computers,Electronics,5,good set of apps available and it is robust enough for the kids to abuse.,Great product for the price.,True,0,Jimbo,positive,0
"Amazon Echo Show Alexa-enabled Bluetooth Speaker with 7"" Screen",Amazon,Computers,Electronics,4,"so we added this to our echo family of devices. it's nice to have screen, but i honestly don't find i use it as much as i thought i would. the video calling feature would be pretty great if we knew more people with a video capable echo device.... also, we've had some technical issues that i haven't been able to resolve as of yet. ultimately, this is a powerful little gadget and can be fun to pop on a movie while sitting at the kitchen bar counter. it's also awesome to be able to display our security camera feed for the outdoor cameras, but you should probably investigate it's features and your needs before splurging on this over one of the more 'traditional' echo devices. it's essentially an alexa enabled tablet with a nice speaker, so something to think about.",Fun and has nice features,True,0,SarahD,positive,0
"Fire Kids Edition Tablet, 7 Display, Wi-Fi, 16 GB, Green Kid-Proof Case",Amazon,Fire Tablets,Electronics,5,my niece loved it! i love that it is designed especially for kids. she,Awesome!,True,0,Kathy,positive,0
Amazon - Echo Plus w/ Built-In Hub - Silver,Amazon,Amazon Echo,Electronics,5,purchased the product for a gift. has not been used yet,Not yet used,True,0,Echo,positive,0
"Amazon Echo Show Alexa-enabled Bluetooth Speaker with 7"" Screen",Amazon,Amazon Echo,Electronics,4,"i love having the screen available to use for certain tasks like streaming doorbell video, security camera footage, amazon prime music lyrics and videos, but i am disappointed that amazon‚äôs implementation of youtube on the echo show violated google's terms of service so they got the app pulled from the show. also, honestly, and anyone can prove it just through everyday use, but the echo is just not as useful as google assistant with inquiries. it works pretty well with home automation but it just doesn't understand or can't help with about half of the inquiries i throw at it. i would have gone with a google home if there was one with a touchscreen. i would recommend it for those heavily invested in amazon prime and home automation.",Not Nearly as Smart as Google Home,True,0,rainypages,positive,0
"All-New Fire HD 8 Tablet, 8"" HD Display, Wi-Fi, 16 GB - Includes Special Offers, Magenta",Amazon,Electronics,Electronics,5,"was looking at some more expensive android tablets to replace a 3-year old device and saw this one on sale. despite the relatively much lower price, i was originally very worried that the amazon app ecosystem was going to be sorely lacking compared to the full google play catalog. but it turns out that while it is missing some important apps (not just games but productivity apps too), the more than adequate specs (good enough screen, 1.5 gb of ram, decent processor) are enough for 95% of what i need from a tablet. and if you can get it on sale, you can't go wrong. lastly, if you're deciding between the 7"" and this 8"" fire, splurge a little bit and get this one instead.",Hard to beat value,True,1,CasualFan,positive,0
"All-New Fire HD 8 Tablet, 8"" HD Display, Wi-Fi, 16 GB - Includes Special Offers, Magenta",Amazon,Electronics,Electronics,5,the best tablet for the price! all three of my children have one & they are worth it!,Amazing deal,True,0,JTShep,positive,0
"All-New Fire HD 8 Tablet, 8 HD Display, Wi-Fi, 16 GB - Includes Special Offers, Blue",Amazon,Fire Tablets,Electronics,4,"i bought this tablet to be pretty much exclusively an e-reader. it's actually cheaper than most of the kindles. for that limited use, it works fine. i don't think i would want to use it as a general purpose table (too slow!). makes a fine e-reader though. as for recommending this to a friend, i would, but would make sure they knew what i use it for.",Good for what I use it for,True,0,BobS,positive,0
"Brand New Amazon Kindle Fire 16gb 7"" Ips Display Tablet Wifi 16 Gb Blue",Amazon,Computers/Tablets & Networking,Electronics,5,we've had this tablet for about a month and have no complaints. great tablet for a kid with lots of storage for games!,Great tablet,True,0,Heather,positive,0
Amazon - Echo Plus w/ Built-In Hub - Silver,Amazon,Amazon Echo,Electronics,5,"bought this for my mom that is electronically challenged and she loves it. makes her feel like she is a tech wiz. makes me feel better about her ability to turn lights on and off as she comes and goes. more importantly, she is in her 70s and iives alone, she can make a phone call using alexa from anywhere she has an echo. i bought her 3 to cover her whole house. this means if she falls down and can‚äôt get to her phone she can dial me or 911 with her voice.....a must have!!!",Can‚Äôt go wrong with this!!!,True,5,Samiam,positive,0
"Fire HD 8 Tablet with Alexa, 8"" HD Display, 32 GB, Tangerine - with Special Offers",Amazon,Tablets,Electronics,4,works very well. video quality is very good. it is easy to navigate.,Very good product,True,0,Matty,positive,0
"Amazon Echo Show Alexa-enabled Bluetooth Speaker with 7"" Screen",Amazon,Computers,Electronics,5,love this thing. little apprehensive at first. but alexa will grow on you,Love!!!,True,0,Terri,positive,0
"All-New Fire HD 8 Tablet, 8"" HD Display, Wi-Fi, 16 GB - Includes Special Offers, Magenta",Amazon,Electronics,Electronics,5,this is a great tablet without the steep cost of an ipad. i haven't used it too much so far but the picture and sound is pretty good and being able to stream movies/shows is quite nice.,Great tablet for a lower cost,True,0,metalbabe81,positive,0
Amazon - Echo Plus w/ Built-In Hub - Silver,Amazon,Amazon Echo,Electronics,5,having fun with all the things we can learn from alexa! it is almost like having another person in the house!,Alexa fun,True,0,Snowbunny,positive,0
Amazon Tap - Alexa-Enabled Portable Bluetooth Speaker,Amazon,Amazon Echo,Electronics,5,purchased this as a christmas gift for our son in law. he loved it and works well. great sound and loves the portability of the unit.,amazon tap,True,0,chloe,positive,0
"Fire Tablet, 7 Display, Wi-Fi, 16 GB - Includes Special Offers, Black",Amazon,Fire Tablets,Electronics,4,has what is necessary for the average individuals needs.,Good tablet,True,0,POE714,positive,0
"Amazon Kindle E-Reader 6"" Wifi (8th Generation, 2016)",Amazon,Computers,Electronics,3,"this is a pretty cool little device. im able to download books through wireless and read them later at my convenience. only drawback is i wish it had more storage. but for the price, it works good.",Good for the price,True,0,Fievel22,neutral,1
"All-New Fire HD 8 Tablet, 8 HD Display, Wi-Fi, 32 GB - Includes Special Offers, Blue",Amazon,Fire Tablets,Electronics,4,this is my 2nd tablet and it works great with downloading,good product,True,0,NICK,positive,0
Amazon Tap - Alexa-Enabled Portable Bluetooth Speaker,Amazon,Amazon Echo,Electronics,5,these things are cool! with the new muti room music options i can have the same song playing in each room. not to mention the intercom! great item!,Cool thing,True,0,BobM,positive,0
"All-New Fire HD 8 Tablet, 8"" HD Display, Wi-Fi, 16 GB - Includes Special Offers, Magenta",Amazon,Electronics,Electronics,5,"i enjoy readi,g and facebook using this item. i also purchased my husband one.",Very pleased with the Kindle,True,0,Sandan,positive,0
"Kindle Oasis E-reader with Leather Charging Cover - Merlot, 6 High-Resolution Display (300 ppi), Wi-Fi - Includes Special Offers",Amazon,eBook Readers,Electronics,5,"even when i‚äôm outside in bright sunlight, the words of the book i‚äôm reading are still crystal clear. that alone makes the kindle oasis worth what it cost me.the kindle oasis wakes up in just seconds, and any book i choose instantly opens, ready to be read.it is the perfect size and isn‚äôt heavy or bulky. i really do read for hours at a time. sometimes i pace the floor while i read. sometimes i‚äôm on my elliptical machine when i read. and sometimes i‚äôm sitting down. no matter what i‚äôm doing, the kindle oasis remains comfortable to hold, and it is always easy on my eyes.when i receive a book that is in pdf, most of the time i can enlarge the words. if it won‚äôt allow me to enlarge the words, i can change the orientation of the page and the words are automatically larger. i am able to make notes on the book if needed, and i can highlight words and/or passages.my merlot leather cover is attractive. when i flip it open, it is just like opening the cover of a book.how to make the battery laston the kindle oasis page, it says that its ‚äúdual-battery charging system delivers months of battery life.‚äù this was a huge thing for me. instead of having to charge my tablet almost every day, i would be able to read for months without charging the kindle!is this how my oasis has performed? well, not so much. there are conditions that have to be met for the charge on your oasis to last for two months.first, you have to limit your reading to thirty minutes a day. that one is impossible for me. there are days that i am only able to read for thirty minutes, but they don‚äôt occur very often. my kindle goes everywhere with me, and i use just about every spare moment to read.second, the wireless needs to be turned off. that one is easy to do but not always easy to remember. the only time the wireless needs to be on is to download one or more books.third, this is based on your light setting at 10. that is way too low for me. i keep my light setting anywhere from 16 to 18.i don‚äôt limit my reading to thirty minutes a day, and i try to remember to keep my wireless turned off. my light setting is kept anywhere from 16 to 18, and i put my kindle to sleep the second i‚äôm done reading. so how long does a single charge last me? ten days is the longest a charge has lasted me so far, but it would have kept a charge for several more days if i had remembered to turn my wireless off. once i succeed in keeping my wireless off, i will let you know how long the charge lasts.now, i don‚äôt plug it in to charge as soon as the charge on the cover gets low. i allow my cover charge to go as low as it will possibly go and then the kindle battery will start to drain since it can no longer charge from the cover. i allow it to drain down to about 50% before i plug the cover and kindle into my computer to charge.the one thing that surprised me was that everything on the oasis is in black and white. for some reason, i thought that maybe the book covers would appear in color. but since i bought the oasis to read books on, color isn‚äôt needed.special offers do appear on my screen but only when my kindle is going to sleep or waking up. they aren‚äôt a distraction, and to be honest, they are kind of fun to look at. you can pay a higher price so they won‚äôt appear on your kindle if you would rather not see them.i asked myself some questions once i had my kindle and knew just how it worked. if i had known before i bought my kindle oasis that the charge wouldn‚äôt last for months, would i still have bought it? yes, i would have. if i had known that everything would appear in black and white, would i still have bought it? yes, i would have.",Reasons I Love My Kindle Oasis,True,6,ljbinion,positive,0
"Fire Kids Edition Tablet, 7 Display, Wi-Fi, 16 GB, Blue Kid-Proof Case",Amazon,Computers,Electronics,5,great for small children allows for limited time setting. also allows parents to set a requirement for how long educational apps must be used before free time. case works well,Great for small kids,True,0,Kngovert,positive,0
"Amazon Echo Show Alexa-enabled Bluetooth Speaker with 7"" Screen",Amazon,Computers,Electronics,1,"i waited a couple months to review giving amazon time to make this product equal to the sony dash from nearly a decade ago, it isn't the screen provides nothing of value and you can't turn of amazon tips! you have near zero customization can't even move the clock to the other side of the screen. and something that a sony dash did nearly 10 years ago pandora or prime music as an alarm! seriously this is the biggest fail! run away from this half baked amazon disaster!",Pass,False,3,HSTulsa,negative,2
"Fire HD 10 Tablet, 10.1 HD Display, Wi-Fi, 16 GB - Includes Special Offers, Silver Aluminum",Amazon,eBook Readers,Office Supplies,5,"i've had the first kindle fire, i love the tablet.why because it's bigger",Easier to read,True,0,Betty,positive,0
"Amazon Echo Show Alexa-enabled Bluetooth Speaker with 7"" Screen",Amazon,Amazon Echo,Electronics,3,"the echo show feels useless after a few hours, especially without the ability to watch youtube.",Not many features,False,0,James,neutral,1
"Fire Kids Edition Tablet, 7 Display, Wi-Fi, 16 GB, Green Kid-Proof Case",Amazon,Fire Tablets,Electronics,5,"great tablet for kids. big choice of apps, great price.",Great tablet for kinds,True,0,Ellis,positive,0
"Amazon Kindle E-Reader 6"" Wifi (8th Generation, 2016)",Amazon,Computers,Electronics,5,i'm a longtime kindle user and jumped at the opportunity to bring my granddaughter into the fold with this gift. she loved it!,A Terrific and Highly Appreciated Gift,True,0,Ed51648,positive,0
Amazon - Echo Plus w/ Built-In Hub - Silver,Amazon,Amazon Echo,Electronics,4,"the speaker is an improvement over the echo dot, set up was easy and connecting additional home automation products to it as we acquire them has been a simple process. works as advertised! have not really had a need for the hub part yet though.",Fun & Useful,True,0,Larry,positive,0
"Fire Tablet, 7 Display, Wi-Fi, 16 GB - Includes Special Offers, Black",Amazon,Fire Tablets,Electronics,5,"this is just perfect for my 7 year old nothing fancy, parental control is a bit confusing but i got it now, the case is perfect to keep it.safe just get a sd card for extra memory",Perfect for kids,True,2,Yazmin,positive,0
"Brand New Amazon Kindle Fire 16gb 7"" Ips Display Tablet Wifi 16 Gb Blue",Amazon,Computers/Tablets & Networking,Electronics,5,"decent camera, clarity on the screen, fast downloads.",great tablet,True,0,Pauline,positive,0
"Brand New Amazon Kindle Fire 16gb 7"" Ips Display Tablet Wifi 16 Gb Blue",Amazon,Computers/Tablets & Networking,Electronics,4,i mainly purchased this so my child can have access to amazon undergrond to get free apps. he normally uses an ipad . i can tell this is slower but i was not looking for ipad quality. it gets the job done,not as good as an ipad but gets the job done,True,0,techlady14,positive,0
Amazon Tap - Alexa-Enabled Portable Bluetooth Speaker,Amazon,Amazon Echo,Electronics,5,"this speaker has a great sound and its perfect to take out on the patio or in any room that i am in. the tap is annoying compared to the echo with voice activation, but the wireless features makes the purchase worth it.",Perfect to play music,True,0,natm,positive,0
"All-New Fire HD 8 Tablet, 8"" HD Display, Wi-Fi, 16 GB - Includes Special Offers, Magenta",Amazon,Electronics,Electronics,5,bought this so the grandkids could use it. they already have one at their house. my husband has been using it also & he likes it. he has never used a tablet before but he has enjoyed it.,Nice tablet,True,0,Quilter,positive,0
Amazon - Echo Plus w/ Built-In Hub - Silver,Amazon,Amazon Echo,Electronics,5,love how it hooks up to lights. and can play any music,Awesome,True,0,Mrgoodtime,positive,0
"Brand New Amazon Kindle Fire 16gb 7"" Ips Display Tablet Wifi 16 Gb Blue",Amazon,Computers/Tablets & Networking,Electronics,5,i needed a device to listen to books on a long drive. this paired easily in the car and downloading the audible books was a snap.,Great Bluetooth device for audible books,True,0,DonEH,positive,0
"Fire Kids Edition Tablet, 7 Display, Wi-Fi, 16 GB, Blue Kid-Proof Case",Amazon,Computers,Electronics,5,i bought it for my 2 year old and he loves it. it's easy to use and the perfect size for his hands.,Great tablet for kids.,True,0,Susana,positive,0
"Fire Tablet, 7 Display, Wi-Fi, 16 GB - Includes Special Offers, Black",Amazon,Fire Tablets,Electronics,5,"i love my amazon fire tablet, i bought this all the while knowing that people had negative reviews... but honestly i don't know what they did to theirs because mines doesn't have any issues... i've had mines for over a month and still working perfectly like i just bought it yesterday...",Great tablet,True,0,Missomally,positive,0
Amazon - Echo Plus w/ Built-In Hub - Silver,Amazon,Amazon Echo,Electronics,4,you need to have amazone prime in order to have music,Fun but I think I will get bord with it,True,0,filter,positive,0
"All-New Fire HD 8 Tablet, 8"" HD Display, Wi-Fi, 16 GB - Includes Special Offers, Magenta",Amazon,Electronics,Electronics,5,"this was an upgrade purchase. my previous kindle was 4 years old. (still working!) this new version is so much faster and has a much better quality camera! love it for reading, netflix and on-line shopping!",Perfect for summer reading and movies,True,0,Cathy,positive,0
"All-New Fire HD 8 Tablet, 8"" HD Display, Wi-Fi, 16 GB - Includes Special Offers, Magenta",Amazon,Electronics,Electronics,5,we bought this to replace my children's aging ipads and they're very happy.,Awesome,True,0,Freezing,positive,0
"Fire Kids Edition Tablet, 7 Display, Wi-Fi, 16 GB, Green Kid-Proof Case",Amazon,Fire Tablets,Electronics,5,bought this for my 5 yr old grandson. great buy for the price. he loves his new tablet.,Great buy for the price,True,0,Kimmy,positive,0
"Brand New Amazon Kindle Fire 16gb 7"" Ips Display Tablet Wifi 16 Gb Blue",Amazon,Computers/Tablets & Networking,Electronics,5,"i bought this tablet to replace one i had bought a while ago for my daughter, all i heard upon opening is ""mom, you are the best"", as she was excited to get a newer up to date fire. she loves the fire tablet and so do we as a family. amazon fire is our go to. we can not switch to anything else!","Great Big Thank YOU,",True,0,sbennsanta,positive,0
"Kindle Oasis E-reader with Leather Charging Cover - Merlot, 6 High-Resolution Display (300 ppi), Wi-Fi - Includes Special Offers",Amazon,eBook Readers,Electronics,5,"this is my third kindle. the best differentiator is the form factor. definite improvement over the paperwhite. also like having the page-turn buttons back. case is very cool indeed. if you can get past the jump in price (remember you're not having to buy the case separately), it's a quality product to have.",Best Kindle yet,True,3,ssc6,positive,0
"Fire Tablet, 7 Display, Wi-Fi, 16 GB - Includes Special Offers, Black",Amazon,Fire Tablets,Electronics,3,"my 7-year old daughter saved up to by this. her brother bought the 8gb about a year earlier, so new she needed more space. the os is a bit clunky, and less intuitive then on higher priced tablets, but tough to beat the price. speed isn't great for web or certain gaming apps, but fine for books. parental controls are helpful, but take time to figure out and require more steps than seem necessary to change. overall, ok first tablet for kids, considering the price. for adults, fine for e-books and very basic apps. otherwise, best to pay up for better quality and os efficiency.",OK For Entry Level Tablet,True,0,BigSky,neutral,1
"Fire HD 8 Tablet with Alexa, 8"" HD Display, 32 GB, Tangerine - with Special Offers",Amazon,Tablets,Electronics,5,"great for all your tablet needs! email, video, games, and reading! all in one!!",Multi-Function Tablet,True,2,lac1223,positive,0
"Amazon Echo Show Alexa-enabled Bluetooth Speaker with 7"" Screen",Amazon,Amazon Echo,Electronics,5,"this device is especially useful if you know others who own it. it offers the same features as the standard echo, along with an expanded feature set as well.",The Newest Device In The Family,True,0,cwilliams706,positive,0
"All-New Fire HD 8 Tablet, 8"" HD Display, Wi-Fi, 16 GB - Includes Special Offers, Magenta",Amazon,Electronics,Electronics,5,"purchased as a door prize gift given with a one year amazon membership. the recipient loves it and says it performs very well. (as a past amazon fire user, now i-pad graduate, i loved my amazon fire for more than 4 years without any problems. in fact, i just recycled it on to my son and it runs like a champ).",Excellent -- purchased for door prize,True,0,PJWSTKTN,positive,0
"Amazon Echo Show Alexa-enabled Bluetooth Speaker with 7"" Screen",Amazon,Computers,Electronics,5,"used in my home office, gives me all of the information i ask for while my computers are doing other chores. plays any music that i request, decent quality sound.","Decent speaker, excellent information provider",True,0,TechSenior,positive,0
"All-New Fire HD 8 Tablet, 8"" HD Display, Wi-Fi, 16 GB - Includes Special Offers, Magenta",Amazon,Electronics,Electronics,4,"once taking time to install google play store, it functioned as good as any other android tablet. the down side is camera which doesn't produce clear pictures.",Good android tablet,True,0,Morning,positive,0
"All-New Fire HD 8 Tablet, 8"" HD Display, Wi-Fi, 16 GB - Includes Special Offers, Magenta",Amazon,Electronics,Electronics,5,this product is easy to use and take along with you,Perfect size screen for easy viewing,True,0,minnow,positive,0
Amazon Tap - Alexa-Enabled Portable Bluetooth Speaker,Amazon,Amazon Echo,Electronics,5,i added this to my echo collection great for on the go and around the house. i don't like that you have to tap it to activate,Awesome,True,0,Tony,positive,0
"Kindle E-reader - White, 6 Glare-Free Touchscreen Display, Wi-Fi - Includes Special Offers",Amazon,Office,Office Supplies,5,i love my new e-reader!! i am enjoying all my books in one place.,My Kindle,True,0,babz66,positive,0
"Fire Kids Edition Tablet, 7 Display, Wi-Fi, 16 GB, Green Kid-Proof Case",Amazon,Fire Tablets,Electronics,4,this camera is a great addition to my home i really like it,Awesome camera,True,0,Steelerfan,positive,0
"Fire Tablet, 7 Display, Wi-Fi, 16 GB - Includes Special Offers, Black",Amazon,Fire Tablets,Electronics,4,"this is a nice little tablet, for me since i don't do a lot on a tablet, it's a great size. it took a little getting use to working with, but am a little more comfortable with it now.",Great tablet,True,0,Chinajam,positive,0
Amazon - Echo Plus w/ Built-In Hub - Silver,Amazon,Amazon Echo,Electronics,5,it has very good voice recognition; even with the grandchildren throwing all kinds of crazy questions at it. speaker quality is top of the line. everyone that has tried it out at our house loves it.,Great quality,True,0,Desertedwarvet,positive,0
Amazon Tap - Alexa-Enabled Portable Bluetooth Speaker,Amazon,Amazon Echo,Electronics,5,i got to say that love it!! makes it easier to play music without pairing any device to it and perfect sound for my needs.,Smart speaker on the go!!,True,0,Janfer,positive,0
"Amazon Echo Show Alexa-enabled Bluetooth Speaker with 7"" Screen",Amazon,Computers,Electronics,5,delivered on time and it looked good will hook it up next year.,,False,0,Joe N,positive,0
"All-New Fire HD 8 Tablet, 8"" HD Display, Wi-Fi, 16 GB - Includes Special Offers, Magenta",Amazon,Electronics,Electronics,5,"bought this for my niece and it works perfect, she easily navigates all menus and features...",solid tablet,True,0,hockey78,positive,0
"Amazon Kindle E-Reader 6"" Wifi (8th Generation, 2016)",Amazon,Computers,Electronics,5,my nephew is going to college next year and we want to give him a gift. kindle suits it well for him to learn and study.,good product,True,0,noname,positive,0
Amazon - Echo Plus w/ Built-In Hub - Silver,Amazon,Amazon Echo,Electronics,5,"i‚äôm a big apple consumer all around but after tons of research and testing, i went to alexa over siri (apple home kit) to make my full home a smart house.",Just great!,True,0,DE28,positive,0
Amazon - Echo Plus w/ Built-In Hub - Silver,Amazon,Amazon Echo,Electronics,5,"we love alexa! great addition to our family! lol but seriously, you can rely on alexa....",Really Smart,True,0,Gomogomo,positive,0
"All-New Fire HD 8 Tablet, 8"" HD Display, Wi-Fi, 16 GB - Includes Special Offers, Magenta",Amazon,Electronics,Electronics,4,i decided to buy this instead of a traditional kindle and i do not regret my decision at all!the only con (for those evaluating this as a tablet) is that amazon has their own app store. many apps from googleplay/appstore are simply not available.,Best tablet for price,True,0,JCD1,positive,0
"All-New Fire HD 8 Tablet, 8"" HD Display, Wi-Fi, 16 GB - Includes Special Offers, Magenta",Amazon,Electronics,Electronics,5,i love this tablet! it's the perfect size. i can do everything on it and it was affordable!,Great for watching movies,True,0,QuitaMomma,positive,0
Amazon - Echo Plus w/ Built-In Hub - Silver,Amazon,Amazon Echo,Electronics,5,"i originally purchased this to use as a bluetooth speaker for my wife's music but soon realized that we would use this much more than we thought. ya, turning on and off lights is good and being able to dim with the included bulb is pretty great but there are hundreds of smart home type of apps that work with this including my sony google tv and more show up regularly. makes it almost too easy to be lazy.",More Uses Than I Thought,True,0,PJL1,positive,0
"Amazon Echo Show Alexa-enabled Bluetooth Speaker with 7"" Screen",Amazon,Computers,Electronics,5,like the fact that i can see videos and utilize ir with my lighting system.,Love this alexa enabled device.,True,0,Jesus,positive,0
"All-New Fire HD 8 Tablet, 8"" HD Display, Wi-Fi, 16 GB - Includes Special Offers, Magenta",Amazon,Electronics,Electronics,5,really affordable present for a kid.. or just have around,Makes a great Christmas present,True,0,Cruz,positive,0
"All-New Fire HD 8 Tablet, 8"" HD Display, Wi-Fi, 16 GB - Includes Special Offers, Magenta",Amazon,Electronics,Electronics,5,"this is a great, easy to use tablet for the price.",gift,True,0,luckybug,positive,0
"Fire Kids Edition Tablet, 7 Display, Wi-Fi, 16 GB, Blue Kid-Proof Case",Amazon,Computers,Electronics,4,seems to be great but just need a little more time to play with it. the main user is nearly four years old. happy with it and gets excited when using it.,Still learning to use it.,True,0,Bbillie,positive,0
"Amazon - Kindle Voyage - 6"" - 4GB - Black",Amazon,eBook Readers,Electronics,5,"this readeri is compact and fits nicely in my bag. easy to use, controls for children are very effective. am glad i bought it.",Great ereaderfor anyreader,True,1,lIbrarylady,positive,0
"Kindle Oasis E-reader with Leather Charging Cover - Merlot, 6 High-Resolution Display (300 ppi), Wi-Fi - Includes Special Offers",Amazon,eBook Readers,Electronics,5,"i have used kindle e-readers since amazon introduced them years ago. all are good products and each new model has been a worthwhile upgrade. the oasis is no exception, even from the highly touted voyage model. it is expensive but the lightweight design, improved backlighting and battery cover are worth the additional expense for someone who reads frequently. this is definitely a good investment!",The reviews are right-this is the best Kindle ever,True,5,rlmgolfer,positive,0
Amazon Tap - Alexa-Enabled Portable Bluetooth Speaker,Amazon,Amazon Echo,Electronics,5,plays all my ipod music via bluetooth. also plays radio stations you can't get on a regular radio. very practical and fun.,Alexa is great,True,0,Holmes,positive,0
"Fire Tablet, 7 Display, Wi-Fi, 16 GB - Includes Special Offers, Black",Amazon,Fire Tablets,Electronics,4,"my granddaughter is very happy great for kids to learn , reading help",great tablet for begginer,True,0,aspen,positive,0
Amazon Tap - Alexa-Enabled Portable Bluetooth Speaker,Amazon,Amazon Echo,Electronics,5,"i have been enjoying the amazon tap for two weeks, and am still finding new things it will do",There is always something more,True,0,Louavulmike,positive,0
"Fire Tablet with Alexa, 7"" Display, 16 GB, Magenta - with Special Offers",Amazon,Tablets,Electronics,4,"the item is a great tablet for basic uses such as email, youtube, and facebook.",Great Item,True,1,Themasterpiece,positive,0
"Brand New Amazon Kindle Fire 16gb 7"" Ips Display Tablet Wifi 16 Gb Blue",Amazon,Computers/Tablets & Networking,Electronics,5,i love it! i'm a senior and was able to set it up and get library books without help.,Great,True,0,Ranky,positive,0
"All-New Fire HD 8 Tablet, 8"" HD Display, Wi-Fi, 16 GB - Includes Special Offers, Magenta",Amazon,Electronics,Electronics,5,"this replaced my old kindle fire. i have not yet explored all of the features but, so far, it is performing very well. tablet is a good size and weight, and easy to use.","Easy to use, with good, clear screen display.",True,0,Saratogagal,positive,0
"Amazon Echo Show Alexa-enabled Bluetooth Speaker with 7"" Screen",Amazon,Amazon Echo,Electronics,4,i am very pleased with the sound and picture quality. it does not link to direct tv.,Great Picture and Sound,True,0,DJDJ,positive,0
"All-New Fire HD 8 Tablet, 8"" HD Display, Wi-Fi, 16 GB - Includes Special Offers, Magenta",Amazon,Electronics,Electronics,5,great product for the kids gaming apps parental controls to make sure you can monitor kids and prevent unwanted app purchases,Works great,True,0,JENK201,positive,0
"All-New Fire HD 8 Tablet, 8"" HD Display, Wi-Fi, 16 GB - Includes Special Offers, Magenta",Amazon,Electronics,Electronics,5,love the tablet. wonderful battery life. great for movies.,Great Tablet.,True,0,Matt,positive,0
"Amazon Echo Show Alexa-enabled Bluetooth Speaker with 7"" Screen",Amazon,Computers,Electronics,4,"using it in my kitchen. the whole family has access and we can all use different functionality. great for looking up recipies, music and calling relatives or friends",Great Buy,True,0,Kika,positive,0
"Amazon Echo Show Alexa-enabled Bluetooth Speaker with 7"" Screen",Amazon,Computers,Electronics,4,great product with cool features! easy to install! i love the way it looks and feels.,Awesome,True,0,Melcuermba,positive,0
"Brand New Amazon Kindle Fire 16gb 7"" Ips Display Tablet Wifi 16 Gb Blue",Amazon,Computers/Tablets & Networking,Electronics,4,"works great, good price. would buy it again. kids have great time with it.","Great tablet, good price",True,0,Jtdt,positive,0
Amazon - Echo Plus w/ Built-In Hub - Silver,Amazon,Amazon Echo,Electronics,5,"i was reluctant to purchase the echo plus and my best friend said to do it, you will love it! i did and she was so right! the philips hue light bulb was an added bonus and love that too!",Worth it!,True,0,SuzanneN,positive,0
Amazon - Echo Plus w/ Built-In Hub - Silver,Amazon,Amazon Echo,Electronics,4,love that i can control my lights with the phillips bulbs and is compatible with smart plugs to control other electronics in the house. definitely would recommend,Echo plus,True,0,Kimw,positive,0
"Amazon Echo Show Alexa-enabled Bluetooth Speaker with 7"" Screen",Amazon,Amazon Echo,Electronics,5,i. like the visual with this echo although i think i would have enjoyed it more if this was my first and only alexa,Another alexa,True,0,Tacopaco,positive,0
"Fire Kids Edition Tablet, 7 Display, Wi-Fi, 16 GB, Green Kid-Proof Case",Amazon,Fire Tablets,Electronics,5,easy to play and very helpful to learning for children's,Grat toy for children,True,0,Frank1400,positive,0
"All-New Fire HD 8 Tablet, 8"" HD Display, Wi-Fi, 16 GB - Includes Special Offers, Magenta",Amazon,Electronics,Electronics,5,i purchased this tablet mostly for entertainment. i enjoy playing games and this tablet is great for that purpose. also plan on using it for reading electronic books.,"Great Tablet, I use mostly for gaming",True,0,DMS13,positive,0
"All-New Fire HD 8 Tablet, 8"" HD Display, Wi-Fi, 16 GB - Includes Special Offers, Magenta",Amazon,Electronics,Electronics,4,"great tablet for under $100. does not have the highest specs, but gets the job done for lite tablet users.",Great tablet for the price,True,0,Tuowls,positive,0
"All-New Fire HD 8 Tablet, 8"" HD Display, Wi-Fi, 16 GB - Includes Special Offers, Magenta",Amazon,Electronics,Electronics,5,"i bought this as a light-weight alternative to an ipad for collecting and enjoying kindle and amazon video products. when combined with the dedicated fire cover, it's low price along with a very readable screen and the option for a micro sd card make it an excellent choice for travel and time spent in waiting-rooms, etc., allowing lots of memory space for ones library as well as flexibility regarding how it is held or positioned.",Great for Amazon-related activities,True,0,mediaropa,positive,0
"All-New Fire HD 8 Tablet, 8"" HD Display, Wi-Fi, 16 GB - Includes Special Offers, Magenta",Amazon,Electronics,Electronics,5,"excellent tablet with nice screen. i wish amazon would pre install the play store, this would have been perfect.",Excellent reader,True,0,SeanRyan,positive,0
Amazon - Echo Plus w/ Built-In Hub - Silver,Amazon,Amazon Echo,Electronics,5,this is the hub dollar my smart devices and it worksthis is the hub dollar my smart devices and it works,Smart home piece,True,0,Gospelnote2000,positive,0
Amazon Tap - Alexa-Enabled Portable Bluetooth Speaker,Amazon,Amazon Echo,Electronics,4,have several echo's throughout the house and bought the echo tap so i could move it when i need to move around from the garage to outdside. mainly listen to music and has worked well. have noticed that i usually have to yell for alexa to hear me but that may have to do with the acoustics in the garage. other than that it works well.,Great model to have in garage/outdoors.,True,0,Sam318,positive,0
"Brand New Amazon Kindle Fire 16gb 7"" Ips Display Tablet Wifi 16 Gb Blue",Amazon,Computers/Tablets & Networking,Electronics,4,"convenient, easy to use and grand kids all have one too.",fire is easy to use.,True,0,anita,positive,0
"Amazon Echo Show Alexa-enabled Bluetooth Speaker with 7"" Screen",Amazon,Computers,Electronics,4,alexa runs my entire house. the echo show is a great addition to the echo family. everyone needs one!,Gotta love Alexa,True,0,Miskatonic,positive,0
"Kindle E-reader - White, 6 Glare-Free Touchscreen Display, Wi-Fi - Includes Special Offers",Amazon,Office,Office Supplies,3,this was my second kindle and i didn't realize that it wasn't paper white . what a difference. i took this back to the store and exchanged for paper white.. this was not easy to read for me,No like,False,0,nest1819,neutral,1
"Amazon Echo Show Alexa-enabled Bluetooth Speaker with 7"" Screen",Amazon,Computers,Electronics,4,we really like that when you call someone you can facetime with them!,Phone calling,True,0,Gears,positive,0
"Amazon Echo Show Alexa-enabled Bluetooth Speaker with 7"" Screen",Amazon,Computers,Electronics,5,"lot to learn, but great device. connecting to other devices can be frustrating, but over time should be better. connect to my bose blue tooth speaker, then tried the dot. seems connection can be to only one device at a time. still checking help app but limited info.",Great start using Alexia,True,0,TheTAZ,positive,0
"Amazon Kindle E-Reader 6"" Wifi (8th Generation, 2016)",Amazon,Computers,Electronics,5,got it when it was on sale. totally fall in love with it. bring with it me everywhere.,This is my new baby,True,0,Vincent,positive,0
Amazon Tap - Alexa-Enabled Portable Bluetooth Speaker,Amazon,Amazon Echo,Electronics,5,love the tap. the speaker is nice. likenit has a charging cradle it can sit on. easy charge.,Love it,True,0,GG13,positive,0
"Fire Tablet with Alexa, 7"" Display, 16 GB, Magenta - with Special Offers",Amazon,Tablets,Electronics,4,works well for browsing and reading. it also has great apps.,Very good Kindle for the price.,True,0,Pearlie,positive,0
"Fire Tablet, 7 Display, Wi-Fi, 16 GB - Includes Special Offers, Black",Amazon,Fire Tablets,Electronics,5,great tablet to keep at work during downtime!! great value!,Suits me fine,True,0,Wifie,positive,0
"Kindle E-reader - White, 6 Glare-Free Touchscreen Display, Wi-Fi - Includes Special Offers",Amazon,Office,Office Supplies,5,this is a great product and i would recommend it to anyone that enjoys reading.,Great E-Reader,True,0,Jpan5447,positive,0
"Fire Kids Edition Tablet, 7 Display, Wi-Fi, 16 GB, Blue Kid-Proof Case",Amazon,Computers,Electronics,5,a gift to my 2 year old granddaughter. it came preloaded with child programs. she quickly learned how to access the programs. parents now have their ipad back...very well protected for tosses and drops,Simple to use,True,0,jjljrsc,positive,0
Amazon 9W PowerFast Official OEM USB Charger and Power Adapter for Fire Tablets and Kindle eReaders,Amazon,Computers & Accessories,Electronics,5,this solved the problem of my daughter's lost kindle charger.,Good replacement,True,0,cracineo,positive,0
"All-New Fire HD 8 Tablet, 8"" HD Display, Wi-Fi, 16 GB - Includes Special Offers, Magenta",Amazon,Electronics,Electronics,5,inexpensive tablet. funtional and great for reading. it has the blue screen that make it great for reading.,Good buy,True,0,Cdragonsky,positive,0
"Fire HD 10 Tablet, 10.1 HD Display, Wi-Fi, 16 GB - Includes Special Offers, Silver Aluminum",Amazon,eBook Readers,Office Supplies,5,"i absolutely love my kindle-fire hd 10 16 gb. i can read it day or night without light. and the picture quality is amazing! i haven't had any problems with it so far other than it's so thin, you need a case so you don't drop it. very easy to add games, music, and books. i have even ordered items through amazon without problems. i highly recommend this product.",Love my Kindle Fire HD 10 16 GB,True,0,Ckkparker,positive,0
"Fire Kids Edition Tablet, 7 Display, Wi-Fi, 16 GB, Blue Kid-Proof Case",Amazon,Computers,Electronics,5,"i would recommend this to all of our friends and family. it's worth every penny. good warranty, comes with a free subscription, works quickly and is very durable!",Great tablet for all ages,True,0,ALML,positive,0
"Brand New Amazon Kindle Fire 16gb 7"" Ips Display Tablet Wifi 16 Gb Blue",Amazon,Computers/Tablets & Networking,Electronics,5,"for a basic tablet, this is perfect. good price. does all i need it to!",Great tablet,True,0,PegAtTheBeach,positive,0
"Fire Kids Edition Tablet, 7 Display, Wi-Fi, 16 GB, Green Kid-Proof Case",Amazon,Fire Tablets,Electronics,5,the kindle fire kid is easy enough that our 2 year old can work it!!!,Love it for my toddler,True,0,Ashley,positive,0
"Fire Kids Edition Tablet, 7 Display, Wi-Fi, 16 GB, Blue Kid-Proof Case",Amazon,Computers,Electronics,5,"i purchased this tablet for my 10 year old son and he loves it. great for movies, games and reading books online. definetly would recommend it as a starter tablet for young children. the hard protective cover is a plus.",Great tablet for young Children,True,0,Maria,positive,0
"Amazon Echo Show Alexa-enabled Bluetooth Speaker with 7"" Screen",Amazon,Computers,Electronics,5,"we love alexa! love being able to watch news briefings, seeing the lyrics to songs, and so much more! it's in our kitchen and we use it everyday!",Awesome,True,1,nicole,positive,0
Amazon Tap - Alexa-Enabled Portable Bluetooth Speaker,Amazon,Amazon Echo,Electronics,5,"i purchased a echo for home so added a tap for my office at work, so i can chat with alexa at work and my main reason was for a decent bt speaker for my office. this has great sound streaming my prime music and xm vis the xm app. can't go wrong. quality music and alexa when i need some help with spelling hard word's, she getting smart. pick one up. you have a woman to talk to when the wife is out.",Now I have Alexa at work,True,0,JP315,positive,0
Amazon Tap - Alexa-Enabled Portable Bluetooth Speaker,Amazon,Amazon Echo,Electronics,3,i bought this as a christmas gift. i'm told that they are enjoying it and are very happy with all it can do.,Great gift idea,True,0,Ohellknow,neutral,1
"Kindle E-reader - White, 6 Glare-Free Touchscreen Display, Wi-Fi - Includes Special Offers",Amazon,Office,Office Supplies,4,"got it as a gift for my dad, so far so good.didn't not realise the special offers are ads, spend more money to buy the one with out them.also hate the fact they removed the wwan connection, you now need wifi to connect to the store.",Present for my dad,True,0,JeremyRem,positive,0
"Fire Kids Edition Tablet, 7 Display, Wi-Fi, 16 GB, Blue Kid-Proof Case",Amazon,Computers,Electronics,5,my kids love their kindles and love free time in it. numerous educational games!,Perfect for young kids,True,0,Dani,positive,0
"All-New Fire HD 8 Tablet, 8"" HD Display, Wi-Fi, 16 GB - Includes Special Offers, Magenta",Amazon,Electronics,Electronics,5,was looking for a new tablet. .. great price for this one!,GREAT TABLET,True,0,itsallme,positive,0
"Fire Tablet, 7 Display, Wi-Fi, 16 GB - Includes Special Offers, Black",Amazon,Fire Tablets,Electronics,4,we bought three including one for my 2 year old. we all love it! the only complaint is the volume. there is one speaker and so the sound is obviously lower than most other tablets with two speakers. it doesn't bother us too much but that's why we give it 4/5 stars. overall a great tablet.,Family Tablet,True,0,Nurse86,positive,0
"All-New Fire HD 8 Tablet, 8 HD Display, Wi-Fi, 16 GB - Includes Special Offers, Blue",Amazon,Fire Tablets,Electronics,5,very user friendly and straight forward instructions great for all ages,Awesome product,True,0,Kilo,positive,0
Amazon - Echo Plus w/ Built-In Hub - Silver,Amazon,Amazon Echo,Electronics,5,love it along with the fire stick works great. works great with the voice,Amazon Echo Plus,True,0,mikey68,positive,0
"Kindle E-reader - White, 6 Glare-Free Touchscreen Display, Wi-Fi - Includes Special Offers",Amazon,Office,Office Supplies,4,i purchased this kindle for my daughter and she really enjoys using it !!,Nice Kindle!,True,0,Kitten,positive,0
"Amazon Echo Show Alexa-enabled Bluetooth Speaker with 7"" Screen",Amazon,Computers,Electronics,5,"i love this new alexa device with the screen. i bought it for my mother who really couldn't ""relate"" to the echo dot. but she can read the output. i works seamlessly with my apple calendar so she can see her activities of the day. also can call her great grandchildren just by talking, and see them too!",Love this - great improvement,True,0,TbirdRoy,positive,0
"Amazon Echo Show Alexa-enabled Bluetooth Speaker with 7"" Screen",Amazon,Computers,Electronics,5,great to talk and see family at anytime. easy to use,Family use,True,0,Grandpa,positive,0
Amazon - Echo Plus w/ Built-In Hub - Silver,Amazon,Amazon Echo,Electronics,5,i received an original echo two years ago and use it in my office. this year i decided to get one for the house and was amazed at all the features i hadn‚äôt taken advantage of. primarily the smart home features. this was great because it came with a lightbulb.,Has made our home better,True,0,CSER,positive,0
"Fire Kids Edition Tablet, 7 Display, Wi-Fi, 16 GB, Blue Kid-Proof Case",Amazon,Computers,Electronics,2,it was too slow he didn't put any attention to it. battery didn't last.,My son didn't like it,False,0,Chula1,negative,2
"Fire Kids Edition Tablet, 7 Display, Wi-Fi, 16 GB, Blue Kid-Proof Case",Amazon,Computers,Electronics,5,i love the preloaded apps. there are 1000 to choose from for all ages. the book selection is expansive. my 3 year old plays with it everyday. its great for trips in the car or just being around the house. great buy!!! i enjoy playing with alexa....ask her anything and she has an answer.,Great kids tablet..hours of fun and education,True,0,christina10,positive,0
"Amazon Echo Show Alexa-enabled Bluetooth Speaker with 7"" Screen",Amazon,Computers,Electronics,5,"it‚äôs good, but not google smart, it answers when no one asks. kind of spooky. the distinction in the voice context is absent","Good voice recognition, great knowledge of songs a",True,0,Pita,positive,0
"Brand New Amazon Kindle Fire 16gb 7"" Ips Display Tablet Wifi 16 Gb Blue",Amazon,Computers/Tablets & Networking,Electronics,5,"i love my fire and the fact that i now have a place for my ""library"" that's not taking up space on my phone.",Love my Fire,True,2,Jane,positive,0
"Amazon - Kindle Voyage - 6"" - 4GB - Black",Amazon,eBook Readers,Electronics,5,works as expected. very easy to use and does not hurt my eyes like a tablet would.,Great item,True,0,QOE620,positive,0
"Fire Kids Edition Tablet, 7 Display, Wi-Fi, 16 GB, Blue Kid-Proof Case",Amazon,Computers,Electronics,5,"he loved it was a great gift easy to use, small and great",great,True,0,booboo,positive,0
Amazon Tap - Alexa-Enabled Portable Bluetooth Speaker,Amazon,Amazon Echo,Electronics,5,great speaker for around the house listening to music and asking questions,Perfect speaker for house,True,0,Jbheels,positive,0
"All-New Fire HD 8 Tablet, 8"" HD Display, Wi-Fi, 16 GB - Includes Special Offers, Magenta",Amazon,Electronics,Electronics,5,i use it to stream movies while on the tread mill at the gym,Great to stream movies,True,0,Mine,positive,0
"Fire Tablet with Alexa, 7"" Display, 16 GB, Magenta - with Special Offers",Amazon,Tablets,Electronics,5,my sister in-law recommended these to my wife and i and i thought i would try one. they are just the right size to lay in bed of a evening and read a good book for a while.,Love this thing,True,0,TechGuy,positive,0
"Amazon Echo Show Alexa-enabled Bluetooth Speaker with 7"" Screen",Amazon,Computers,Electronics,5,"very easy to set up and use. really like the screen to view the items searched for, and to read information about the searched item.",Amazon Echo Show,True,0,randy1154,positive,0
"All-New Fire HD 8 Tablet, 8"" HD Display, Wi-Fi, 32 GB - Includes Special Offers, Magenta",Amazon,Tablets,Electronics,5,"got for my aunt for her first tablet. it has been user friendly for her, she yours it mostly for reading",First time tablet owner,True,0,Tlapee,positive,0
"Amazon Echo Show Alexa-enabled Bluetooth Speaker with 7"" Screen",Amazon,Computers,Electronics,5,we put in the kitchen for the holidays and used a lot of new recipes alexa found for us,Recipes!,True,0,Jamarti4,positive,0
"Fire Kids Edition Tablet, 7 Display, Wi-Fi, 16 GB, Blue Kid-Proof Case",Amazon,Computers,Electronics,5,we bought this for our 2 yr old granddaughter and she loves it! it has so many apps and videos for her to watch. i would definitely recommend this to anyone who is looking for a tablet for a child.,Great tablet for a toddler!,True,1,Lama9200,positive,0
"Brand New Amazon Kindle Fire 16gb 7"" Ips Display Tablet Wifi 16 Gb Blue",Amazon,Computers/Tablets & Networking,Electronics,5,"this kindle fire 7 blows away my other tablet for performance, battery life, readability, color, and many other options. i love this size as well!",More than an ebook reader.,True,2,Jmackcr,positive,0
"All-New Fire HD 8 Tablet, 8"" HD Display, Wi-Fi, 16 GB - Includes Special Offers, Magenta",Amazon,Electronics,Electronics,5,bought for husband and he was surprised it does the work he needs it for,"awesome, convenient",True,0,Rosario,positive,0
"Kindle Oasis E-reader with Leather Charging Cover - Black, 6"" High-Resolution Display (300 ppi), Wi-Fi - Includes Special Offers",Amazon,Kindle E-readers,Electronics,5,the thick edge makes it easier to read than the voyage and pw. very fast and responsive. i wish the devise was longer then it would feel more like a real book rather than a cd case,love it,True,0,kcladyz,positive,0
"Fire Kids Edition Tablet, 7 Display, Wi-Fi, 16 GB, Blue Kid-Proof Case",Amazon,Computers,Electronics,5,"my daughter (4) she loves it. easy to navigate, hard to break.",Great Kids tablet,True,0,Dustin,positive,0
"All-New Fire HD 8 Tablet, 8"" HD Display, Wi-Fi, 16 GB - Includes Special Offers, Magenta",Amazon,Electronics,Electronics,5,easy to use. perfect for using for my clinicals in nursing school,Great product.,True,0,Missy,positive,0
"Fire Kids Edition Tablet, 7 Display, Wi-Fi, 16 GB, Blue Kid-Proof Case",Amazon,Computers,Electronics,5,great customer service at best buy i was able to navigate through the product before actually purchasing it i will def be back and highly recommend it,Great kindle,True,0,Jenn,positive,0
"Amazon Echo Show Alexa-enabled Bluetooth Speaker with 7"" Screen",Amazon,Computers,Electronics,5,"great electronic , very easy to install me and my family enjoy the things that alexa do very satisfied with my service that i received from best buy when i purchase it looking forward to shopping there more often and i'm a new customer there",Alexa works very fine I enjoy playing with it find,True,0,Milkman,positive,0
"All-New Fire HD 8 Tablet, 8"" HD Display, Wi-Fi, 16 GB - Includes Special Offers, Magenta",Amazon,Electronics,Electronics,5,"nice size screen, clear and clean picture with plenty of storage",Great tablet,True,0,sticky,positive,0
"Amazon - Kindle Voyage - 6"" - 4GB - Black",Amazon,eBook Readers,Electronics,5,"i upgraded my kindle to the kindle voyage because i read in bed and the lamp kept my husband awake. i thought i would be able to use this kindle without the lamp, but for me it is hard to read with the room completely dark even though the back lighting is adjustable. i still use the kindle with the lamp on, but tilted to the floor so that there is just a little light in the room....i bought the magnetic case so when i open the lid, the kindle wakes up. it is a little smaller than my old kindle and fits in my purse perfectly. all in all i love it and would highly recommend it.",Light weight and easy on the eyes,True,0,kls6199,positive,0
Amazon - Echo Plus w/ Built-In Hub - Silver,Amazon,Amazon Echo,Electronics,4,"i enjoy my new smart speaker. it is a good device that i can get my pandora radio on it, especially in the app. learning what the device offers for smart home, besides that. it is good speaker to work with different apps.",Good Smart Speaker,True,0,domcab,positive,0
"Fire HD 8 Tablet with Alexa, 8"" HD Display, 32 GB, Tangerine - with Special Offers",Amazon,Tablets,Electronics,3,"in my opinion it's very slow for internet use. good for our 5 yr old to use but we purchased this for her to do online curriculums, which is almost impossible to do with this tablet because of the speed. our internet connection is great with every other laptop and computer in the house.",It's an ok tablet for the price.,False,0,Angelina,neutral,1
"Fire HD 10 Tablet, 10.1 HD Display, Wi-Fi, 16 GB - Includes Special Offers, Silver Aluminum",Amazon,eBook Readers,Office Supplies,5,great notepad! huge screen and easily downloaded apps to use. love it!,Huge screen!,True,0,Sgard,positive,0
Amazon - Echo Plus w/ Built-In Hub - Silver,Amazon,Amazon Echo,Electronics,5,we love the echo ii. its an awesome product. great price too,Great product and lots of fun to use!!,True,0,Angie,positive,0
"All-New Fire HD 8 Tablet, 8"" HD Display, Wi-Fi, 16 GB - Includes Special Offers, Magenta",Amazon,Electronics,Electronics,5,love the 8 inch hd tablet. great colors on screen. not cheaply built like some.,Excellent tablet! !,True,0,Ou812,positive,0
Amazon - Echo Plus w/ Built-In Hub - Silver,Amazon,Amazon Echo,Electronics,5,they are both responsive to each other and it gives me convenience. i don't have to turn off the lights and all i do is lay down and ask alexa to turn off the light. all my lights are connected to my echo plus.,It makes life easier,True,0,Paul,positive,0
"Fire Tablet, 7 Display, Wi-Fi, 16 GB - Includes Special Offers, Black",Amazon,Fire Tablets,Electronics,5,it was all that my grandson wanted and didn't have to search everywhere to find it.,Great computer for gamer,True,0,karue,positive,0
"All-New Fire HD 8 Tablet, 8"" HD Display, Wi-Fi, 16 GB - Includes Special Offers, Magenta",Amazon,Electronics,Electronics,5,very user friendly and straight forward instructions great for all ages,Awesome product,True,0,Kilo,positive,0
Amazon - Echo Plus w/ Built-In Hub - Silver,Amazon,Amazon Echo,Electronics,5,i know this makes us lazy. but comes in handy when your hands are tied up with groceries or holding a baby. love that my kids ask her questions.,Actually useful,True,0,Jazyjay,positive,0
"Fire Kids Edition Tablet, 7 Display, Wi-Fi, 16 GB, Blue Kid-Proof Case",Amazon,Computers,Electronics,5,this is excellent for toddlers and also as they grow. numerous things they can do on it and also nice to be abke to control it as a parent.,Perfect for toddlers,True,0,Mags,positive,0
"Fire Kids Edition Tablet, 7 Display, Wi-Fi, 16 GB, Green Kid-Proof Case",Amazon,Fire Tablets,Electronics,5,great idea for a 5 years old. very secure and good contents for that age.,Good idea,True,0,DoubleH,positive,0
"All-New Fire HD 8 Tablet, 8 HD Display, Wi-Fi, 16 GB - Includes Special Offers, Blue",Amazon,Fire Tablets,Electronics,5,"this is my second kindle and i love it. it's lightweight, simple, and fast. it's convenient for trips and fits in my bag without weighing it down.",Everything you expect from Amazon,True,0,jessxhart,positive,0
"Fire Tablet, 7 Display, Wi-Fi, 16 GB - Includes Special Offers, Black",Amazon,Fire Tablets,Electronics,5,i am pleasantly surprised at how well this works. i bought the e reader and it didn't work so i was nervous buying this kindle. but it works great and my son loves it!,Tablet for my son,True,0,Emilydub,positive,0
"Fire Kids Edition Tablet, 7 Display, Wi-Fi, 16 GB, Green Kid-Proof Case",Amazon,Fire Tablets,Electronics,5,i love this tablet for kids .. it's so much fun for them .. great buy ...,Great tablet for kids,True,0,Mario,positive,0
"All-New Fire HD 8 Tablet, 8"" HD Display, Wi-Fi, 16 GB - Includes Special Offers, Magenta",Amazon,Electronics,Electronics,5,"this replaced a kindle 7 hdx with 32gb of ram. the older tablet had a charging port that wasn't functioning anymore. had the geek squad warranty so they issued a full credit for the old tablet and my son chose the hd8 as his new tablet. other than the screen resolution being lower and less memory, great tablet. my son didn't care about the resolution and the new kindles let you pop in an sd card for more storage. popped in a 64gb sd card and he's a happy camper now.. ;)",Great tablet,True,0,Lindle,positive,0
"Amazon Echo Show Alexa-enabled Bluetooth Speaker with 7"" Screen",Amazon,Computers,Electronics,5,amazon - echo show is the best of all my amazon products. i love the hands-free but able to see things on the screen.,FREAKIN' AWESOME,True,0,wdeanna48,positive,0
"Amazon Echo Show Alexa-enabled Bluetooth Speaker with 7"" Screen",Amazon,Computers,Electronics,5,the family and i love alexa view and once we got it we were hooked now everything in the house and outside is run by voice commands. the opportunities with this are endless.,Alexa!!!!!!,True,0,spurdie,positive,0
"Amazon Echo Show Alexa-enabled Bluetooth Speaker with 7"" Screen",Amazon,Computers,Electronics,5,great device for music and face time calls. the sound is crisp and clear. many options with the echo show,Great Device for the home,True,0,Rojo,positive,0
"All-New Fire HD 8 Tablet, 8"" HD Display, Wi-Fi, 16 GB - Includes Special Offers, Magenta",Amazon,Electronics,Electronics,5,i had a smaller version and this was easy to adjust to and use.,great buy and easy to use,True,0,46chevy,positive,0
"All-New Fire HD 8 Tablet, 8"" HD Display, Wi-Fi, 16 GB - Includes Special Offers, Magenta",Amazon,Electronics,Electronics,4,"as far as functionality it works well. i can surf the internet, match movies, check social media, and anything else a tablet is supposed to do. the app store has a good variety off apps. it does not have as many as the itunes store, but there is plenty of variety. the reason i knock a star off is the constant ads. i know that this is an amazon product, but the ads get a little annoying.","Works as advertised, but the ads get annoying",True,0,MovieDad,positive,0
Amazon 9W PowerFast Official OEM USB Charger and Power Adapter for Fire Tablets and Kindle eReaders,Amazon,Computers & Accessories,Electronics,4,"pretty convenient to have another cable to charge the kindle,, great price and ready to have it on hand",good product,True,0,javirod01,positive,0
"All-New Fire HD 8 Tablet, 8"" HD Display, Wi-Fi, 16 GB - Includes Special Offers, Magenta",Amazon,Electronics,Electronics,5,purchased for 4 yr old granddaughter who primarily uses for netflix. works great!,Good tablet,True,0,dhunt,positive,0
"Amazon Echo Show Alexa-enabled Bluetooth Speaker with 7"" Screen",Amazon,Computers,Electronics,5,"this is the best assistant from amazon, with the completion of the screen you can also see images from cameras and other devices!simply awesome!",Excellent assistant,True,0,MiamiNacho,positive,0
Amazon - Echo Plus w/ Built-In Hub - Silver,Amazon,Amazon Echo,Electronics,5,good product and wasy to set up. works well with smart lights.,Great product.,True,0,Jax5689,positive,0
Amazon - Echo Plus w/ Built-In Hub - Silver,Amazon,Amazon Echo,Electronics,5,"the alexa works well and turns my lights on and off for me in bed, and plays my playlist for when i sleep. very nice for the bedroom.",Very interesting,True,0,Robert,positive,0
"Amazon Echo Show Alexa-enabled Bluetooth Speaker with 7"" Screen",Amazon,Amazon Echo,Electronics,4,"use a lot of home automation and this is a great addtion. if you are not an alexa or home automation fan i would recomend trying to catch this on sale, you may not need the screen a much as you think. the sound quality is great.",Great if you are an Alexa fan,True,0,Craigkoh,positive,0
Amazon - Echo Plus w/ Built-In Hub - Silver,Amazon,Amazon Echo,Electronics,5,"i‚äôve been hesitant to purchase this item, didn‚äôt feel there was an actual need. alexa has changed my mind. i use this daily with timers and turning off appliances, checking weather and adjusting my heat. alexa can even arm the alarm system.",Works great,True,0,Harbusyone,positive,0
"All-New Fire HD 8 Tablet, 8"" HD Display, Wi-Fi, 16 GB - Includes Special Offers, Magenta",Amazon,Electronics,Electronics,5,excellent product for what it does. spouse loves it!nough said!,Excellent for what it does it,True,0,Panos,positive,0
"Amazon Echo Show Alexa-enabled Bluetooth Speaker with 7"" Screen",Amazon,Computers,Electronics,5,omg i love my amazon show it is sooo cool and does a lot of cool stuff,Amazon show,True,0,Nome,positive,0
Amazon - Echo Plus w/ Built-In Hub - Silver,Amazon,Amazon Echo,Electronics,4,"works great! i bought 2, 1 for the kitchen and 1 for master bath.",Nice gadget,True,0,Brew,positive,0
"Fire Kids Edition Tablet, 7 Display, Wi-Fi, 16 GB, Blue Kid-Proof Case",Amazon,Computers,Electronics,4,purchased for an3 year old that wanted this badly. appears to be rugged. links up with my amazon account for content and access. 2 year warranty. win!!!,He loved it!,True,0,BKBEMTP,positive,0
"All-New Fire HD 8 Tablet, 8"" HD Display, Wi-Fi, 32 GB - Includes Special Offers, Black",Amazon,Fire Tablets,Electronics,1,"bought this mostly as a backup.and to read a few books, since i have a larger cell phone and a back up. used it occasionally may 40 or 50 hours of use till this week when i sent my laptop in for repairs. so i probably used it a tot this week. i was watching my 3rd primetime video this week and it simply turned off. it will not turn on using any power trick such as safe mode. it is gone, it is toast. bought it october 11, 2016 , it quit on february 9, 2015. my old fire lasted 4 or 5 years with more use. it had stereo speakers, lasted a week on a charge not 2 or 3 days.sturdier built. this is full of junk, i am not just offered more apps, it is constantly trying to add them. junk junk junk","less than 120 days, about 100 use. It is toast!",False,0,PatF,negative,2
"All-New Fire HD 8 Tablet, 8"" HD Display, Wi-Fi, 16 GB - Includes Special Offers, Magenta",Amazon,Electronics,Electronics,5,"better and faster than kindle 7"". great performance for the price.",Great performance for the price!,True,0,goglobal,positive,0
"All-New Fire HD 8 Tablet, 8"" HD Display, Wi-Fi, 16 GB - Includes Special Offers, Magenta",Amazon,Electronics,Electronics,4,"this was a present for my son, but he seems to be enjoying it, so it must be ok",My son likes it,True,0,BBBOB,positive,0
"All-New Fire HD 8 Tablet, 8"" HD Display, Wi-Fi, 16 GB - Includes Special Offers, Magenta",Amazon,Electronics,Electronics,2,"nice size, very clear but randomly shuts off. cant remove unwanted apps from the home screen. if you watch video..it buffers alot and laggs.",great size,False,0,dpeter,negative,2
"Kindle E-reader - White, 6 Glare-Free Touchscreen Display, Wi-Fi - Includes Special Offers",Amazon,Office,Office Supplies,4,this devices is great for storing all my amazon books. it is also very light and portable. simple to use as well.,Light and portable,True,0,chi20,positive,0
"All-New Fire HD 8 Tablet, 8"" HD Display, Wi-Fi, 16 GB - Includes Special Offers, Magenta",Amazon,Electronics,Electronics,5,great value from best buy. bought at christmas sale.,simple to use and reliable so far,True,0,jrcfh,positive,0
"Kindle E-reader - White, 6 Glare-Free Touchscreen Display, Wi-Fi - Includes Special Offers",Amazon,Office,Office Supplies,5,exactly what i was looking for size wise and functional.,Kindle,True,0,Yo40,positive,0
"All-New Fire HD 8 Tablet, 8"" HD Display, Wi-Fi, 16 GB - Includes Special Offers, Magenta",Amazon,Electronics,Electronics,5,bought two of these for my grandson and grand daughter and they love them. i like the parental controls and the apps.,Bought two of these.,True,0,Nanaof5,positive,0
"Fire Kids Edition Tablet, 7 Display, Wi-Fi, 16 GB, Green Kid-Proof Case",Amazon,Fire Tablets,Electronics,4,my son loves his new tablet. now he can play his games without making a mess of my phone.,my child loves this,True,0,supermom,positive,0
"All-New Fire HD 8 Tablet, 8"" HD Display, Wi-Fi, 16 GB - Includes Special Offers, Magenta",Amazon,Electronics,Electronics,4,i bought four of these for my kids and they love them,Great for kids,True,0,North0529,positive,0
Amazon - Echo Plus w/ Built-In Hub - Silver,Amazon,Amazon Echo,Electronics,5,"love, love, love my echo plus! is great that it has a built in bridge...great way to start a system for your smart home!love being able to program lights to come on and off from phone...",Echo plus,True,0,nomad14,positive,0
"Fire HD 10 Tablet, 10.1 HD Display, Wi-Fi, 16 GB - Includes Special Offers, Silver Aluminum",Amazon,eBook Readers,Office Supplies,4,good products and service and happy with amazon fire tablet,Good,True,0,CHUCK,positive,0
"All-New Fire HD 8 Tablet, 8"" HD Display, Wi-Fi, 16 GB - Includes Special Offers, Magenta",Amazon,Electronics,Electronics,5,easy to use! just plug in and search for your favorite movies and tv shows.,Great for movies and TV shows,True,0,caca,positive,0
"Fire Tablet, 7 Display, Wi-Fi, 16 GB - Includes Special Offers, Black",Amazon,Fire Tablets,Electronics,4,i got this tablet for skype calls and browsing. it's good if you don't have an ample scope of tasks,Good tablet for basic purposes,True,0,arghe11282,positive,0
"Brand New Amazon Kindle Fire 16gb 7"" Ips Display Tablet Wifi 16 Gb Blue",Amazon,Computers/Tablets & Networking,Electronics,5,"bought it as a christmas gift for dad. for someone who is new to gadgets, he is enjoying it!","So far, so good",True,0,mrsw,positive,0
"Fire Kids Edition Tablet, 7 Display, Wi-Fi, 16 GB, Green Kid-Proof Case",Amazon,Fire Tablets,Electronics,5,needed a tough little tablet for my grandson. had it a couple of months and has held up very well.,Good Price great tablet,True,0,vbruss,positive,0
Amazon Fire TV with 4K Ultra HD and Alexa Voice Remote (Pendant Design) | Streaming Media Player,Amazon,Amazon SMP,Electronics,5,i really enjoy my fire stick. it's really easy to use.,This is a great piece of equipment,True,0,makedog,positive,0
"Amazon - Kindle Voyage - 6"" - 4GB - Black",Amazon,eBook Readers,Electronics,5,"this ereader is great, i have started reading more now that i have this kindle than when i read paperbacks. if you are torn on buying this for yourself or someone else i can almost guarantee anyone would love this. with enabled dictionaries and x-ray i'm finally able to tackle books with a heavy character list like game of thrones. i'm serious, this is so convienent and user friendly. the only negative about this device is the amount of money you will spend on new books in excitement when you first connect to amazon with it.",Wow,True,1,Knight,positive,0
"All-New Fire HD 8 Tablet, 8"" HD Display, Wi-Fi, 16 GB - Includes Special Offers, Magenta",Amazon,Electronics,Electronics,5,can't believe i waited so long to get a real e-reader. so easy to read from.,"Great interface, great screen for reading",True,0,AcidBobJ,positive,0
"Amazon Echo Show Alexa-enabled Bluetooth Speaker with 7"" Screen",Amazon,Amazon Echo,Electronics,4,alexa can make you crazy but it‚äôs worth the aggravation.,It‚Äôs good,True,0,Sophmax,positive,0
Amazon Tap - Alexa-Enabled Portable Bluetooth Speaker,Amazon,Amazon Echo,Electronics,3,"speaker is pretty loud and i love that i can take with me but the only downside is you have to hold the ""home"" button to use alexa",Good Bluetooth device,True,0,Breezy,neutral,1
"Amazon Echo Show Alexa-enabled Bluetooth Speaker with 7"" Screen",Amazon,Computers,Electronics,5,"love my new i pad, and new tv for my kitchenalso bought 3 alexa with pods for my family at xmas",Love my new I Pad,True,0,GRANDMA,positive,0
"Amazon Kindle E-Reader 6"" Wifi (8th Generation, 2016)",Amazon,Computers,Electronics,5,great product and service will refer to a friend. and the sales man r good,Great product and service,True,0,richard,positive,0
Amazon - Echo Plus w/ Built-In Hub - Silver,Amazon,Amazon Echo,Electronics,5,still figuring out what all i can do with it but the echo was extremely easy to hook up. the instructions that came with it made everything very clear. the speaker doesnt get room filling loud if you want to play music but thankfully it has an audio out jack so i just hooked it up to some speakers.,"East to hook up, Easy to use",True,0,Amlitt4,positive,0
Amazon - Echo Plus w/ Built-In Hub - Silver,Amazon,Amazon Echo,Electronics,5,"i gave as a gift to my kids for christmas, they are enjoying alexa.",Great for everyday use,True,0,Rick,positive,0
"Amazon Echo Show Alexa-enabled Bluetooth Speaker with 7"" Screen",Amazon,Computers,Electronics,5,easy to set up and use. useful and fun. the videos make things easy to understand.,Useful and fun,True,0,David,positive,0
Amazon - Echo Plus w/ Built-In Hub - Silver,Amazon,Amazon Echo,Electronics,5,i really like how she is able to interact and plays music with great sound. she interacts with my smart home.,Alexa is AMAZING,True,0,Czrgarcia,positive,0
"Kindle Oasis E-reader with Leather Charging Cover - Merlot, 6 High-Resolution Display (300 ppi), Wi-Fi - Includes Special Offers",Amazon,eBook Readers,Electronics,5,"wife love it, reads a lot and this is her go to reader.",great product,True,0,1244,positive,0
"Fire HD 10 Tablet, 10.1 HD Display, Wi-Fi, 16 GB - Includes Special Offers, Silver Aluminum",Amazon,eBook Readers,Office Supplies,5,"this kindle has made life easier by adding the micro sd card slot to enhance the memory capacity up to 128gb more than it has built in, makes it easy to switch cards so you can have your whole library on hand without slowing down the overall processing capability","Great kindle, even better than the last one",True,0,BobVila,positive,0
Amazon - Echo Plus w/ Built-In Hub - Silver,Amazon,Amazon Echo,Electronics,3,it has very limited use without adding on expensive apps or adding more wireless speakers. i am considering returning the merchandise,Not sure it's worth the money,False,0,Bill,neutral,1
Amazon - Echo Plus w/ Built-In Hub - Silver,Amazon,Amazon Echo,Electronics,5,"my dil loves it. does everything she had read about. my grandson is a bit disappointed that alexa can't carry on a conversation. lol. however, he is only 8.",Gift for my daughter-in-law,True,0,Lala,positive,0
"Fire Tablet, 7 Display, Wi-Fi, 16 GB - Includes Special Offers, Black",Amazon,Fire Tablets,Electronics,5,i've had kindles for years and this latest one is also right up at the top,good value,True,0,craftie,positive,0
"All-New Fire HD 8 Tablet, 8"" HD Display, Wi-Fi, 16 GB - Includes Special Offers, Magenta",Amazon,Electronics,Electronics,5,"great resolution, easy to use. amazon prime gives you free movies, books, and games!",Awesome tablet.,True,0,AerieJoyce,positive,0
Amazon - Echo Plus w/ Built-In Hub - Silver,Amazon,Amazon Echo,Electronics,5,"as a newbie in smart home technology, i was attracted to the echo plus because of the built-in zigbee hub which means it can connect directly to products like the philips hue line of smart bulbs without the need for a separate smart hub. combine that with the power of alexa voice commands and i was able to get my smart home up and running in a matter of minutes.",Great Way to Start Your Smart Home,True,0,HappyWazer,positive,0
Amazon Tap - Alexa-Enabled Portable Bluetooth Speaker,Amazon,Amazon Echo,Electronics,5,i love my tap. it sounds great and is so easy to use.,Love it!,True,1,Jo55,positive,0
"Brand New Amazon Kindle Fire 16gb 7"" Ips Display Tablet Wifi 16 Gb Blue",Amazon,Computers/Tablets & Networking,Electronics,5,love the color just the right size easy to set up works well for what i needed it for great price,great color,True,0,red1,positive,0
"All-New Fire HD 8 Tablet, 8"" HD Display, Wi-Fi, 16 GB - Includes Special Offers, Magenta",Amazon,Electronics,Electronics,5,i truly enjoy this product. i have an older one but this is superb in all areas of entertainment.,Great tablet for the money,True,0,Home,positive,0
"Fire HD 8 Tablet with Alexa, 8"" HD Display, 32 GB, Tangerine - with Special Offers",Amazon,Tablets,Electronics,5,"love this kindle. there are to many apps and games offered for download. love the book selection easy to navigate the charger seems a bit loose, though","Easy to navigate, great product",True,6,Chloe,positive,0
"Fire HD 10 Tablet, 10.1 HD Display, Wi-Fi, 16 GB - Includes Special Offers, Silver Aluminum",Amazon,eBook Readers,Office Supplies,5,"the amazon fire hd10 is one of the best deals on the market. i've had a ipad and would rather have the hd10! it's what-1/3 of the price of a ipad and just as good, if not better",Best Deal on Tablet,True,0,BigBad,positive,0
"Fire Kids Edition Tablet, 7 Display, Wi-Fi, 16 GB, Green Kid-Proof Case",Amazon,Fire Tablets,Electronics,5,got it for my grandson he loves it.it is a very good tablet!!!,Grate Tablet,True,0,Cynfro,positive,0
Amazon - Echo Plus w/ Built-In Hub - Silver,Amazon,Amazon Echo,Electronics,5,i love this product would really recommend to any one!,Great product,True,0,Sammi,positive,0
"Amazon Echo Show Alexa-enabled Bluetooth Speaker with 7"" Screen",Amazon,Computers,Electronics,5,"got this so grandma could stay in touch with grandchildren, works great and easy to use",Awesome,True,0,Donald,positive,0
Amazon - Echo Plus w/ Built-In Hub - Silver,Amazon,Amazon Echo,Electronics,5,i bought it for my family and everyone loves it! definitely recommend buying one!,Great for Every Home,True,0,IphoneOwner,positive,0
"Fire HD 10 Tablet, 10.1 HD Display, Wi-Fi, 16 GB - Includes Special Offers, Silver Aluminum",Amazon,eBook Readers,Office Supplies,5,new larger screenis great for watching prime movies and reading books,GREAT REPLACEMENT,True,0,scratcher36,positive,0
"All-New Fire HD 8 Tablet, 8"" HD Display, Wi-Fi, 16 GB - Includes Special Offers, Magenta",Amazon,Electronics,Electronics,5,"i am very happy with this amazon tablet. i purchased it for business purposes, as well as recreational, and it works great for both. i did get an sd card for more memory. also, if i would have bought directly from amazon, there would've been a 1 month wait. however, i was able to order from best buy online, and pick it up that very day!!!",Dual Use,True,0,Amiekat,positive,0
"Brand New Amazon Kindle Fire 16gb 7"" Ips Display Tablet Wifi 16 Gb Blue",Amazon,Computers/Tablets & Networking,Electronics,5,"great tablet, not for the power user. average users will find everything they need.","Great tablet, not for the power user",True,0,W4R333,positive,0
Amazon - Echo Plus w/ Built-In Hub - Silver,Amazon,Amazon Echo,Electronics,3,now that now how to set it up i love my alexia lights,Not the easiest to setup,True,0,PUPPY,neutral,1
Amazon - Echo Plus w/ Built-In Hub - Silver,Amazon,Amazon Echo,Electronics,5,alexis is the new favorite name. great for the college student,Echo!,True,0,katieful,positive,0
"Amazon - Kindle Voyage - 6"" - 4GB - Black",Amazon,eBook Readers,Electronics,3,"the kindle is great for just reading books, and the battery power is pretty good.the experimental browser is not very user friendly.",Experimental browser not great,True,0,Welsh,neutral,1
"Fire Kids Edition Tablet, 7 Display, Wi-Fi, 16 GB, Blue Kid-Proof Case",Amazon,Computers,Electronics,5,has everything you will ever need inside. for children and adultsa+++,Best Tablet EVER!!!,True,0,Jasonc71,positive,0
Amazon - Echo Plus w/ Built-In Hub - Silver,Amazon,Amazon Echo,Electronics,5,i didn‚äôt know what i was missing out on until i got an echo plus,Great addition to my home,True,0,lukasj94,positive,0
"Amazon Echo Show Alexa-enabled Bluetooth Speaker with 7"" Screen",Amazon,Computers,Electronics,4,gift for a relative they said they loved the gift.,Gave as a gift they loved it.,True,0,Radarblade,positive,0
"Fire Kids Edition Tablet, 7 Display, Wi-Fi, 16 GB, Blue Kid-Proof Case",Amazon,Computers,Electronics,4,i got this for my daughter's for christmas this is a great gift it helps them learn and keep them out of trouble thanks again best buy.,Great for kids,True,0,Bestbuycustomer1,positive,0
"All-New Fire HD 8 Tablet, 8"" HD Display, Wi-Fi, 16 GB - Includes Special Offers, Magenta",Amazon,Electronics,Electronics,4,"we bought this to replace a kindle fire pad and they have come a long way in this build, i would recommend this or if you like a bigger one then get then10"" version.",Amazon Fire HD 8 pad,True,0,Gonzolean,positive,0
"Brand New Amazon Kindle Fire 16gb 7"" Ips Display Tablet Wifi 16 Gb Blue",Amazon,Computers/Tablets & Networking,Electronics,5,"the fire tablet is great, we just bought our second. it's screen is pleanty big enough to see, but small enough to fit in my jacket pocket.","Great product, this is our second Fire.",True,0,monkeyman,positive,0
"All-New Fire HD 8 Tablet, 8"" HD Display, Wi-Fi, 16 GB - Includes Special Offers, Magenta",Amazon,Electronics,Electronics,4,have been pleased with my purchase of the fire hd8 as it's video quality is great when viewing espn3/netflix/youtube tutorials.the ability to easily load and read my saved textbooks within the amazon kindle app is fantastic for a fraction of the price for an ipad. : ),Great intro tablet,True,0,EDrive,positive,0
"Amazon Echo Show Alexa-enabled Bluetooth Speaker with 7"" Screen",Amazon,Computers,Electronics,5,love this. just replaced my old echo with this one. love alexa.,Love alexa,True,0,aly102,positive,0
"Kindle Oasis E-reader with Leather Charging Cover - Black, 6"" High-Resolution Display (300 ppi), Wi-Fi - Includes Special Offers",Amazon,Kindle E-readers,Electronics,5,very lightweight and portable with excellent battery life.,Works Great,True,0,Purchaser1,positive,0
Amazon - Echo Plus w/ Built-In Hub - Silver,Amazon,Amazon Echo,Electronics,5,i like it for controlling my lights. i like that we can play anyone's music playlist.,Convenient,True,0,Tony,positive,0
"All-New Fire HD 8 Tablet, 8"" HD Display, Wi-Fi, 16 GB - Includes Special Offers, Magenta",Amazon,Electronics,Electronics,5,so far the tablet works great. i got this for my daughter for christmas and she downloads games no problem. the 16gb is great i'm glad i purchased the larger storage capacity.,Good tablet,True,0,Sfisher,positive,0
"Fire Tablet, 7 Display, Wi-Fi, 16 GB - Includes Special Offers, Black",Amazon,Fire Tablets,Electronics,5,my kids read books play games take pictures they love this.,Great first tablet for kids,True,0,Raiderrulz,positive,0
"Brand New Amazon Kindle Fire 16gb 7"" Ips Display Tablet Wifi 16 Gb Blue",Amazon,Computers/Tablets & Networking,Electronics,4,"i would like to say that it's a great tablet, just too small(will buy bigger one next time!!)",Good for children,True,0,Miaa,positive,0
"Fire Kids Edition Tablet, 7 Display, Wi-Fi, 16 GB, Blue Kid-Proof Case",Amazon,Computers,Electronics,5,great product and great service from bestbuy online,Great product and service,True,0,Foxie,positive,0
Amazon - Echo Plus w/ Built-In Hub - Silver,Amazon,Amazon Echo,Electronics,5,i love my amazon echo! alexa is compatible with all of my technology and super easy to use. my favorite is the ease of making a grocery list and having it in the app instead of forgetting my list at home.,Fun and Easy,True,0,1818,positive,0
"Fire Tablet, 7 Display, Wi-Fi, 16 GB - Includes Special Offers, Black",Amazon,Fire Tablets,Electronics,4,i bought this tablet to replace my textbook. it has everything i want and need. i only purchased it after i learned you can download from google play. the amazon equivalent to google play has a lot of the same apps and games.,Great tablet,True,0,scobby9709,positive,0
"All-New Fire HD 8 Tablet, 8"" HD Display, Wi-Fi, 16 GB - Includes Special Offers, Magenta",Amazon,Electronics,Electronics,4,i don't use much of the applications but it works for things i need.,LIKE IT,True,0,TECHK,positive,0
Amazon Tap - Alexa-Enabled Portable Bluetooth Speaker,Amazon,Amazon Echo,Electronics,5,great speaker and the sound is great. use it every day. love being able to use alexa when attached to my network.,Excellent sound on this portable speaker,True,0,Werda64,positive,0
"Fire HD 10 Tablet, 10.1 HD Display, Wi-Fi, 16 GB - Includes Special Offers, Silver Aluminum",Amazon,eBook Readers,Office Supplies,5,i love my new kindle. it is bigger than the last kindle i had. this kindle is much easier to handle and to read.,Kindle Fire,True,0,Prazmatic,positive,0
"Fire HD 8 Tablet with Alexa, 8"" HD Display, 32 GB, Tangerine - with Special Offers",Amazon,Tablets,Electronics,1,"the last 2 models of kindle hdx 8 have been terrible. we have purchased 2 of each model of kindle and up until the last 2 models, they have been great. last years had to be replaced 7 or 8 times and for the same problem. the slot for the sd card is defective. i gave up and bought the newest model. it shuts completely down if you try to plug it in to external speakers and sometimes it shuts down for no reason. it's going back after the first of the year. this is going to be my last year for kindles unless they make them the same quality as before. phooey!",Not impressed with the last 2 Kindles.,False,2,Paloma,negative,2
Amazon - Echo Plus w/ Built-In Hub - Silver,Amazon,Amazon Echo,Electronics,5,alexa rocks. the echo plus is super easy to set up. i works great. love everything about it. adding more devices.,Echo Plus is fantastic,True,0,Andy23,positive,0
Amazon Tap - Alexa-Enabled Portable Bluetooth Speaker,Amazon,Amazon Echo,Electronics,4,"the tap is a great portable speaker with fantastic sound. if you press a button then you can connect to amazon alexa and she can play your music, answer questions, etc. downgraded one star because there is supposed to be a hands free option for alexa but i haven't been able to get it to work. still great to be able to take this around the house vs echo which is tied to the plug.",Great portable speaker,True,0,Sparkygirl,positive,0
"All-New Fire HD 8 Tablet, 8"" HD Display, Wi-Fi, 16 GB - Includes Special Offers, Magenta",Amazon,Electronics,Electronics,5,this was so easy to set up and the print can easily be adjusted to extra large. my 78 year old dad was really happy with his first experience with technology. he is now surfing the net and reading news online. highly recommended.,Perfect for My Dad,True,0,Wendy,positive,0
"All-New Fire HD 8 Tablet, 8"" HD Display, Wi-Fi, 16 GB - Includes Special Offers, Magenta",Amazon,Electronics,Electronics,5,easy access to my amazon account. easy to set up and use.,Easy to use and set up,True,0,Alf56,positive,0
"All-New Fire HD 8 Tablet, 8 HD Display, Wi-Fi, 16 GB - Includes Special Offers, Blue",Amazon,Fire Tablets,Electronics,5,the fire hd8 strikes an excellent balance between performance and price. it has many of the features you'd want in a tablet for a fraction of the cost. works flawlessly for reading and video streaming.,Excellent budget tablet,True,0,Ryan,positive,0
"Fire Tablet, 7 Display, Wi-Fi, 16 GB - Includes Special Offers, Black",Amazon,Fire Tablets,Electronics,5,i got the amazon - fire - 7 - tablet - 16gb - blue for my 9 year old granddaughter. it is user friendly and she is able to navigate and use the tablet with ease. it is a great tool for her in school work since there are numerous apps. she is able to use for multiplication and division facts. a great product!,Awesome for new tablet user.,True,0,NanainBeanTown,positive,0
"Fire Kids Edition Tablet, 7 Display, Wi-Fi, 16 GB, Green Kid-Proof Case",Amazon,Fire Tablets,Electronics,5,great that you can get these in different colors to differentiate from the other one!,Love the color choice,True,0,Terry,positive,0
Amazon Tap - Alexa-Enabled Portable Bluetooth Speaker,Amazon,Amazon Echo,Electronics,1,"hard to use, and does not support guam. online instructions not clear",Not a good product,False,0,Albert,negative,2
"All-New Fire HD 8 Tablet, 8"" HD Display, Wi-Fi, 16 GB - Includes Special Offers, Magenta",Amazon,Electronics,Electronics,4,"at the price it is almost an impulse buy. i wanted a tablet for an upcoming trip to watch some movies, read, etc and this was at a price point that made the decision really easy. if you are used to an ipad, the fire hd is a little disappointing but it costs considerably less. it fit my needs but i felt some slugginess and several instances of needing to reboot to get certain apps to work correct. if you go in with the understanding this isn't an ipad replacement this should fit the bills for you. let's just say, after my trip i purchased an ipad pro and this item will likely be handed off to one of my children. if you have amazon prime, you do get some nice perks that make this a really nice item.",Great for the price,True,0,btdpi,positive,0
Amazon Tap - Alexa-Enabled Portable Bluetooth Speaker,Amazon,Amazon Echo,Electronics,4,"i got the wrong one, plain and simple. it does what it says, and i like the connection to the internet to play music, but i should have gotten the echo, i get annoyed at having to go to it and push the button.","Not a bad product, but the button is annoying...",False,0,grock2727,positive,0
"Fire HD 8 Tablet with Alexa, 8"" HD Display, 32 GB, Tangerine - with Special Offers",Amazon,Tablets,Electronics,4,i was literally still using my first gen kindle fire and finally upgraded. i love the new one. the only negative is the speakers. my first one is louder than this one.,Love my Kindle Fire,True,0,Squirrel,positive,0
"Amazon Echo Show Alexa-enabled Bluetooth Speaker with 7"" Screen",Amazon,Computers,Electronics,5,very cool - it fully incorporates all of my smart home products,Works Perfect!,True,0,Mark,positive,0
"All-New Fire HD 8 Tablet, 8 HD Display, Wi-Fi, 32 GB - Includes Special Offers, Blue",Amazon,Fire Tablets,Electronics,4,"this tablet is small, compact and easy to handle. it's easy to figure out the main functions. my one complaint is that it does not support some big apps such as dropbox or google drive.",Easy to use and handle,True,0,rosakolb,positive,0
"Fire Tablet, 7 Display, Wi-Fi, 16 GB - Includes Special Offers, Black",Amazon,Fire Tablets,Electronics,5,my daughter loves it. she loves the books that she can read.,We love the books that you can read.,True,0,Gina,positive,0
"Brand New Amazon Kindle Fire 16gb 7"" Ips Display Tablet Wifi 16 Gb Blue",Amazon,Computers/Tablets & Networking,Electronics,5,a gift. he loves it. was a reasonable price. thks.,Amazon Fire Tablet,True,0,Cats2010,positive,0
"All-New Fire HD 8 Tablet, 8"" HD Display, Wi-Fi, 16 GB - Includes Special Offers, Magenta",Amazon,Electronics,Electronics,4,i bought it as the display for my echo. turning on voicecast routes information to the tablet with the voice reaponse. it's been exactly what i hoped it would be and the price was right.,Great Screen For Echo,True,0,devinhenkel,positive,0
Amazon Tap - Alexa-Enabled Portable Bluetooth Speaker,Amazon,Amazon Echo,Electronics,4,this speaker's forte is it's drop and charge ability. it does connect with no issues to whatever you have it paired with. the sound quality though is ok...def not very loud and lacks the lows. but for a small portable speaker which is not expensive i would recommend it.,VERY PORTABLE,True,7,Sig20guy,positive,0
"Fire Kids Edition Tablet, 7 Display, Wi-Fi, 16 GB, Blue Kid-Proof Case",Amazon,Computers,Electronics,5,easy to use for a 5 year old. she loves it. i just don't like that my amazon account is linked to her tablet.,Great tablet for kids,True,0,Htownes32,positive,0
"Amazon Echo Show Alexa-enabled Bluetooth Speaker with 7"" Screen",Amazon,Amazon Echo,Electronics,5,"awesome so far. have used it as alarm clock, stereo, 2nd screen for movies (while multitasking on pc), news/weather, audiobooks, and more. the news flash can repeat itself at times, but i may have subscribed to too many subcategories, but a quick alexa - next skips right ahead. still learning the variations of commands, and sometimes it hears what it wants to until i have to ar. tic. u. late. to the point of annoyance, but hey, this is still relatively new tech, and who would have imagined this 20 years or more ago",,True,0,ohwelles,positive,0
"Kindle E-reader - White, 6 Glare-Free Touchscreen Display, Wi-Fi - Includes Special Offers",Amazon,Office,Office Supplies,4,i bought my kindle about 2 months ago and the battery is already dead and will not charge,not good quality,False,0,merry,positive,0
"All-New Fire HD 8 Tablet, 8"" HD Display, Wi-Fi, 16 GB - Includes Special Offers, Magenta",Amazon,Electronics,Electronics,5,"i got the fire hd so my kids could read books , play games and watch their shows . without spending an arm and a leg for the tablet. i think this is a good table for kids / young teens who want to have a tablet but not break the bank.",most for the money,True,0,lucky,positive,0
"Amazon Echo Show Alexa-enabled Bluetooth Speaker with 7"" Screen",Amazon,Computers,Electronics,5,"very neat item, fun to talk to. easy set up to use.","Great Item, works great",True,0,Rock,positive,0
"Fire Kids Edition Tablet, 7 Display, Wi-Fi, 16 GB, Green Kid-Proof Case",Amazon,Fire Tablets,Electronics,5,my son loves it. it is easy for him to use. he doesn't want to put it down.,Great,True,0,Justin,positive,0
"Fire Kids Edition Tablet, 7 Display, Wi-Fi, 16 GB, Green Kid-Proof Case",Amazon,Fire Tablets,Electronics,5,"great hardware for the price, similar to the ipads",very good value,True,0,Martin,positive,0
"Kindle Oasis E-reader with Leather Charging Cover - Merlot, 6 High-Resolution Display (300 ppi), Wi-Fi - Includes Special Offers",Amazon,eBook Readers,Electronics,4,"this kindle is awesome. i love the design of it. nothing software wise that was different than my other kindle but the way it's designed makes it much more comfortable and easier to read. the only reason i didn't give it five stars was because of the price. if it were cheaper, this kindle would have been five stars no doubt.",Great kindle,True,0,Brandon,positive,0
Amazon - Kindle Voyage - 4GB - Wi-Fi + 3G - Black,Amazon,Computers & Tablets,Electronics,5,i needed something to read in the sunlight other than fire hd,love it,True,2,Lester,positive,0
"Amazon Kindle E-Reader 6"" Wifi (8th Generation, 2016)",Amazon,Computers,Electronics,5,this make an excellent ebook reader. don't expect much from this device except to read basic ebooks. the good thing is it's cheap and good to read in the sun.,Good ebook,False,0,rmwarriors,positive,0
"Fire Kids Edition Tablet, 7 Display, Wi-Fi, 16 GB, Blue Kid-Proof Case",Amazon,Computers,Electronics,5,they had the tablet in stock and it is nice that it has the child settings,Nice tablet so far,True,0,Josh,positive,0
"Fire Tablet, 7 Display, Wi-Fi, 16 GB - Includes Special Offers, Black",Amazon,Fire Tablets,Electronics,5,"this tablet can be literally dropped over a thousand times and the screen wont crack. i bought the hd 6 when it came out for my daughter. i just had to replace it because it wasn't charging anymore, it wasn't the cord itself but the device on the inside failed to identify that the cord was plugged in.the best quality tablet i have ever seen. amazon has a great product and will never buy any other brand of tablet.",Great tablet even for kids,True,0,Aria,positive,0
Amazon Tap - Alexa-Enabled Portable Bluetooth Speaker,Amazon,Amazon Echo,Electronics,5,"i use this hours a day. whether it is for listening to spotify or turning on a wemo-device, the battery life, sound quality, and voice recognition is great.",Love it,True,2,NTKramer,positive,0
Amazon - Echo Plus w/ Built-In Hub - Silver,Amazon,Amazon Echo,Electronics,5,alexa ricks the plus is the best ever buy it you will love it,Love this,True,0,Bobby,positive,0
"All-New Fire HD 8 Tablet, 8 HD Display, Wi-Fi, 16 GB - Includes Special Offers, Blue",Amazon,Fire Tablets,Electronics,3,"the display is not as sharp and vivid as they say but still good. probably better for reading than watching videos. we didn't really get it for the games, but there is a good selection. wifi works well and internet browsing is fast.",Decent tablet but not high caliber,True,0,MrDB,neutral,1
"Amazon Echo Show Alexa-enabled Bluetooth Speaker with 7"" Screen",Amazon,Computers,Electronics,5,"i love it, it works great, i love the drop in func.",Love it,True,0,Asif,positive,0
"All-New Fire HD 8 Tablet, 8"" HD Display, Wi-Fi, 16 GB - Includes Special Offers, Magenta",Amazon,Electronics,Electronics,5,i purchased this kindle fire hd 8 was purchased for use by 5 and 8 yer old grandchildren. they basically use it to play amazon games that you download.,Grand kids love it!,True,0,Tom17004,positive,0
"Amazon Echo Show Alexa-enabled Bluetooth Speaker with 7"" Screen",Amazon,Computers,Electronics,4,we really are enjoying asking alexa questions and she is connected to our sonos system playing music around the house. she doesn‚äôt always understand me. not sure if it is her or me.,Lots of fun,True,0,Kimber,positive,0
"Fire Kids Edition Tablet, 7 Display, Wi-Fi, 16 GB, Blue Kid-Proof Case",Amazon,Computers,Electronics,3,i absolutely love how u. an switch from dif accounts,Love kids mode,True,0,Brenda,neutral,1
"Fire Tablet, 7 Display, Wi-Fi, 16 GB - Includes Special Offers, Black",Amazon,Fire Tablets,Electronics,5,my daughter loves it. she can read books and watch movies.,We love the books that you can read.,True,0,Gina,positive,0
"Brand New Amazon Kindle Fire 16gb 7"" Ips Display Tablet Wifi 16 Gb Blue",Amazon,Computers/Tablets & Networking,Electronics,4,we got this mostly to read books and play some games it's a cheap tablet so no problem if it gets broken don't buy the extended warranty not worthy.,Kindle just for books,True,0,N1BBcustomer,positive,0
"All-New Fire HD 8 Tablet, 8"" HD Display, Wi-Fi, 16 GB - Includes Special Offers, Magenta",Amazon,Electronics,Electronics,4,so far so good. this is replacing a broken kindle fire.,Great replacement,True,0,Siv121,positive,0
Amazon - Echo Plus w/ Built-In Hub - Silver,Amazon,Amazon Echo,Electronics,5,"eco plus is an amazing product, it integrates with most of the products...u can set the music, reminders, buy products.. what not...definitely a worthy purchase!!!",Worth buying!!!,True,0,Best,positive,0
Amazon 9W PowerFast Official OEM USB Charger and Power Adapter for Fire Tablets and Kindle eReaders,Amazon,Computers & Accessories,Electronics,5,love this base for charging my kindle. you still need to use a good cord for most effective charge. with a good cord and this base your kindle will charge in under 30 minutes.,Quickly charges my kindle,True,0,Tilreeves,positive,0
"Fire HD 10 Tablet, 10.1 HD Display, Wi-Fi, 16 GB - Includes Special Offers, Silver Aluminum",Amazon,eBook Readers,Office Supplies,5,i really like the auto on off feature. volume control could be more ergonomic.,Great upgrade from my previous tablet.,True,0,Mitchy,positive,0
"All-New Fire HD 8 Tablet, 8"" HD Display, Wi-Fi, 16 GB - Includes Special Offers, Magenta",Amazon,Electronics,Electronics,5,great tablet. easy to use. will recommend it to others.,Great tablet.,True,0,James,positive,0
Amazon Tap - Alexa-Enabled Portable Bluetooth Speaker,Amazon,Amazon Echo,Electronics,5,got this on sale for 100! replaces my 500 cds! must buy as long as you have prime!,Worth every penny!,True,0,Eaglenut1,positive,0
"All-New Fire HD 8 Tablet, 8"" HD Display, Wi-Fi, 16 GB - Includes Special Offers, Magenta",Amazon,Electronics,Electronics,5,bought it for my daughter and she loves it great product at a great price!,Great tablet,True,0,Tyree,positive,0
Amazon Tap - Alexa-Enabled Portable Bluetooth Speaker,Amazon,Amazon Echo,Electronics,5,"i love my echo tap! i have my own personal alarm, informs me on today's weather forcast and local events. great purchase.",Echo Tap is Great!,True,0,Captsky,positive,0
"All-New Fire HD 8 Tablet, 8"" HD Display, Wi-Fi, 16 GB - Includes Special Offers, Magenta",Amazon,Electronics,Electronics,5,"not an ipad, but that's not what i wanted. high quality, does everything i need it to do.",Nice product,True,0,Jerry,positive,0
"Fire Tablet, 7 Display, Wi-Fi, 16 GB - Includes Special Offers, Black",Amazon,Fire Tablets,Electronics,4,looked for a tablet for reading books and light web surfing. this fits that need.,Good tablet for everyday use,True,0,Sunny,positive,0
Amazon - Echo Plus w/ Built-In Hub - Silver,Amazon,Amazon Echo,Electronics,2,"she could perform some tasks ,but most things she didn't know. so agrivating.",Needs improvement,False,0,Carlo,negative,2
"Fire Tablet, 7 Display, Wi-Fi, 16 GB - Includes Special Offers, Black",Amazon,Fire Tablets,Electronics,2,i can't update facebook and a few other apps. it's not what i expected.,Not what I need.,False,0,Tnay,negative,2
Amazon - Echo Plus w/ Built-In Hub - Silver,Amazon,Amazon Echo,Electronics,5,"i wasn't sure i would use this item when i purchased it for my family. however, i just signed up for amazon unlimited music after testing it on radio stations and playing games with the grandkids. i want to hook up the lighting feature as well. speaker is excellent quality and quite enjoyable to listen to.",Great for the whole family.,True,0,alchase,positive,0
"All-New Fire HD 8 Tablet, 8"" HD Display, Wi-Fi, 32 GB - Includes Special Offers, Black",Amazon,Fire Tablets,Electronics,5,this is my second one and must have one of these at all times,great product,True,0,pogy,positive,0
"Fire Kids Edition Tablet, 7 Display, Wi-Fi, 16 GB, Blue Kid-Proof Case",Amazon,Computers,Electronics,5,my grandson loves his tablet we got him. very safe,Great tablet for a child,True,0,Grandpa,positive,0
"Amazon Echo Show Alexa-enabled Bluetooth Speaker with 7"" Screen",Amazon,Computers,Electronics,5,"was recommended to me, and we love it, use for music, timer in the kitchen, great recipes, and love the question of the day, only have had for 2 weeks can‚äôt wait to explore more!",Easy instructions to get started,True,0,Katy,positive,0
"Fire Kids Edition Tablet, 7 Display, Wi-Fi, 16 GB, Green Kid-Proof Case",Amazon,Fire Tablets,Electronics,5,this tablet has many educational games for a preschooler.,My 4 year old love it!,True,0,Lisa,positive,0
"Amazon Echo Show Alexa-enabled Bluetooth Speaker with 7"" Screen",Amazon,Computers,Electronics,5,so easy to set up. still learning what she can do. happy so far.,Easy to set up.,True,0,Mommy,positive,0
"Amazon - Kindle Voyage - 6"" - 4GB - Black",Amazon,eBook Readers,Electronics,5,"it is a very good e-reader, battery lasts for weeks.",Great E-reader,True,0,Evan,positive,0
"Fire Kids Edition Tablet, 7 Display, Wi-Fi, 16 GB, Blue Kid-Proof Case",Amazon,Computers,Electronics,5,my 6 and 4 year old boys love it and so do the parents,Love it,True,0,Goofycolucci,positive,0
"All-New Fire HD 8 Tablet, 8"" HD Display, Wi-Fi, 16 GB - Includes Special Offers, Magenta",Amazon,Electronics,Electronics,5,got this thing around black friday and only paid about 50 something bucks. awesome equipment you can actually stream the web very glad i bought it can't believe it so inexpensive!,Great product.,True,0,Aleek,positive,0
"Fire HD 10 Tablet, 10.1 HD Display, Wi-Fi, 16 GB - Includes Special Offers, Silver Aluminum",Amazon,eBook Readers,Office Supplies,5,i bought this for my wife for christmas and she loves it! you can't beat it for the price!,Great tabket,True,0,Parcoin2,positive,0
"Fire Tablet, 7 Display, Wi-Fi, 16 GB - Includes Special Offers, Black",Amazon,Fire Tablets,Electronics,4,"the amazon fire os is not a perfect os but it is very functional and useful for your average tablet use. i would recommend checking the amazon store to ensure the apps you are thinking of using on a fire tablet to ensure you dont have any issues. the size on this one is good, the screen is not the brightest hd screen that is available, but at this price point i cannot complain.",Good tablet for average use,True,2,clos2132,positive,0
"Amazon Echo Show Alexa-enabled Bluetooth Speaker with 7"" Screen",Amazon,Computers,Electronics,5,"the echo show is a game changer, it's amazing as are all the echo's but with this one you can watch video's, or see who's at your door. the things that echo can do are limitless, it's like having a personal assistant.",Best Echo by Amazon,True,0,Chrisell,positive,0
Amazon - Echo Plus w/ Built-In Hub - Silver,Amazon,Amazon Echo,Electronics,5,love the light. it's very handy to use. have them in multiple rooms,Works great!,True,0,C0x0ash,positive,0
Amazon - Echo Plus w/ Built-In Hub - Silver,Amazon,Amazon Echo,Electronics,5,a must have!!!!!!!!!!!!!! everyone should get one.,Awesome,True,0,Tony,positive,0
Amazon - Echo Plus w/ Built-In Hub - Silver,Amazon,Amazon Echo,Electronics,5,i love being able to use alexa. she is an amazing ai. until the robots rebel against the human kind i think it‚äôs worth it.,Alexa is awesome,True,0,MisterReaper,positive,0
"Amazon Echo Show Alexa-enabled Bluetooth Speaker with 7"" Screen",Amazon,Amazon Echo,Electronics,5,i have all the echo products in this by far is the best it does everything . i love it!,Great product,True,0,Rtorrento,positive,0
"Brand New Amazon Kindle Fire 16gb 7"" Ips Display Tablet Wifi 16 Gb Blue",Amazon,Computers/Tablets & Networking,Electronics,5,"this is a great tablet for the money. it works for what i need it for; checking emails, downloading books and magazines. great price and very lightweight. i was able to facebook messenger my sister who lives in alaska, which is something i had not been able to do with my phone or my laptop. so i am happy.",Amazon Fire 16gb - I love this little tablet.,True,2,Bridge,positive,0
"All-New Fire HD 8 Tablet, 8"" HD Display, Wi-Fi, 16 GB - Includes Special Offers, Magenta",Amazon,Electronics,Electronics,5,my daughter likes this tablet to play her online games!,Present for my daughter & she loves it!,True,0,Timothy,positive,0
"All-New Fire HD 8 Tablet, 8"" HD Display, Wi-Fi, 16 GB - Includes Special Offers, Magenta",Amazon,Electronics,Electronics,5,a perfect tablet at a reasonable cost. why pay higher prices for bells and whistles you don't use. the back lit feature is great for reading in low light conditions.,Perfect Tablet,True,0,Jerry,positive,0
"Amazon Echo Show Alexa-enabled Bluetooth Speaker with 7"" Screen",Amazon,Computers,Electronics,5,"this is my 5th amazon alexa product. i used to have the alexa echo, but moved that up to my bedroom. now i use the echo show downstairs and has good sound quality. i also like that i can add my home security system to operate through it and can see all my cameras. great product.",Amazon Show,True,0,Tony,positive,0
"Fire Kids Edition Tablet, 7 Display, Wi-Fi, 16 GB, Blue Kid-Proof Case",Amazon,Computers,Electronics,5,i love this this memory card. the price was good ty,Great micro card,True,0,Pdavis,positive,0
"Fire Kids Edition Tablet, 7 Display, Wi-Fi, 16 GB, Green Kid-Proof Case",Amazon,Fire Tablets,Electronics,5,my kids are 18 months and 4 and they love this tablet. it's easy for them to use and very lightweight,Great tablet for kids,True,0,GrammyTeapot,positive,0
"Fire Kids Edition Tablet, 7 Display, Wi-Fi, 16 GB, Blue Kid-Proof Case",Amazon,Computers,Electronics,5,the tablet was a great fit for my 21 month old toddler. she is able to watch episodes of her favorite cartoons and play some of the apps with assistance. i like that she will be able to use the tablet for years to come just by updating to more age appropriate apps.,Great tablet for a toddler,True,1,Trish,positive,0
"All-New Fire HD 8 Tablet, 8 HD Display, Wi-Fi, 32 GB - Includes Special Offers, Blue",Amazon,Fire Tablets,Electronics,5,bought this for my adult son who had a long flight and he absolutely loved it! definitely recommend!,Great gift!,True,0,Lala1,positive,0
Amazon Tap - Alexa-Enabled Portable Bluetooth Speaker,Amazon,Amazon Echo,Electronics,4,was gift fot my daughter. she seems to enjoy very much.,gift,True,0,cantuc,positive,0
Amazon - Echo Plus w/ Built-In Hub - Silver,Amazon,Amazon Echo,Electronics,5,excellent item... above and beyond my expectations,Great item from amazon,True,0,Mere80,positive,0
Amazon - Echo Plus w/ Built-In Hub - Silver,Amazon,Amazon Echo,Electronics,5,alexa is amazin. i love the features their great.just love it,Great,True,0,wendy,positive,0
"All-New Fire HD 8 Tablet, 8"" HD Display, Wi-Fi, 16 GB - Includes Special Offers, Magenta",Amazon,Electronics,Electronics,4,great tablet but apps limited comparison of other tablets.,Disappointed no access to Apps without credit card,True,0,Goldduster,positive,0
"Amazon Kindle E-Reader 6"" Wifi (8th Generation, 2016)",Amazon,Computers,Electronics,5,"love my new kindle! i hadn't read in a while and hesitant of a kindle, easy to use, lightweight and convenient to pick up a book. great for outdoor reading. only downside is if you want to read in the dark has no back light. crisp clear text and easy to set up.",Finally started reading again,True,0,thehands,positive,0
"Fire Kids Edition Tablet, 7 Display, Wi-Fi, 16 GB, Blue Kid-Proof Case",Amazon,Computers,Electronics,5,my brother told me about this product. i bought it for my son and he loves it.,great tablet for children,True,0,rayhan,positive,0
Amazon - Echo Plus w/ Built-In Hub - Silver,Amazon,Amazon Echo,Electronics,5,"i am not a tech person, but i was able to easily connect these devices to my network",Easy installation,True,0,Deedee,positive,0
"Brand New Amazon Kindle Fire 16gb 7"" Ips Display Tablet Wifi 16 Gb Blue",Amazon,Computers/Tablets & Networking,Electronics,1,gave it to my granddaughter and she loves it..i want to buy one for myself....,The tablet I bought was a 3th birthday gift..,True,1,candy,negative,2
"All-New Fire HD 8 Tablet, 8"" HD Display, Wi-Fi, 16 GB - Includes Special Offers, Magenta",Amazon,Electronics,Electronics,5,"great tablet just what my wife wanted, loves the wifi, much better than her old one.",Great tablet,True,0,Tattooedindian,positive,0
"Fire Tablet, 7 Display, Wi-Fi, 16 GB - Includes Special Offers, Black",Amazon,Fire Tablets,Electronics,4,"this tablet is perfect for my mom. she primarily uses it for playing games, the calendar and taking pictures. the camera is a decent camera for a 7"" tablet. hopefully she'll use it to read books and magazines as well.",Christmas Gift for Mom,True,0,AngelicByrd,positive,0
"Fire Kids Edition Tablet, 7 Display, Wi-Fi, 16 GB, Green Kid-Proof Case",Amazon,Fire Tablets,Electronics,5,absolutely love kindle kids edition. easy to use. great apps and love it comes with 2 year warranty. must have for my 2 kids.,Great for young children,True,0,roka318,positive,0
"Amazon Echo Show Alexa-enabled Bluetooth Speaker with 7"" Screen",Amazon,Computers,Electronics,5,it did exactly what it's suppose to and i'm still learning new features a month after having it! very good decice,Loved it!,True,0,Alicia,positive,0
"Fire Kids Edition Tablet, 7 Display, Wi-Fi, 16 GB, Blue Kid-Proof Case",Amazon,Computers,Electronics,5,my granddaughter loves her pink tablet she is four and able to use on her own,Great tablet for kids,True,0,Patty60,positive,0
"Brand New Amazon Kindle Fire 16gb 7"" Ips Display Tablet Wifi 16 Gb Blue",Amazon,Computers/Tablets & Networking,Electronics,5,"exactly what we wanted from it, something to use the streaming apps when the tv is being used, and want something larger then your phone. battery lasts days and was great purchase.",perfect stream device,True,0,Jeff,positive,0
"Fire Kids Edition Tablet, 7 Display, Wi-Fi, 16 GB, Green Kid-Proof Case",Amazon,Fire Tablets,Electronics,4,great tablet for the price. add to that expandable memory and it's a great gift for the holidays.,Decent tablet for kids,True,0,Nirvana,positive,0
"Amazon Echo Show Alexa-enabled Bluetooth Speaker with 7"" Screen",Amazon,Amazon Echo,Electronics,5,"the echo show is addictive. pairs easy, fantastic sound and video and once you download the alexa app and learn a few things it becomes indispensable. video calls work well. great for the office or kitchen.",A fantastic personal assistent,True,0,Fretzilla,positive,0
